title,totalScore,reviewsCount,street,city,state,countryCode,website,phone,categoryName,url,Column
Amandine,3.9,1408.0,G476+RX4,Niamey,,NE,https://www.facebook.com/restoamandine?mibextid=kFxxJD,+227 90 19 49 08,Restaurant,https://www.google.com/maps/search/?api=1&query=Amandine&query_place_id=ChIJV1ARW3N10BER6J0kOxlHusY,
Bab Salam Maurice Delens,3.9,1351.0,G3MW+WR4,Niamey,,NE,,+227 91 95 47 48,Restauration rapide,https://www.google.com/maps/search/?api=1&query=Bab%20Salam%20Maurice%20Delens&query_place_id=ChIJ9fnm9Id10BERPChpiuTGaK0,
Rawda,3.8,883.0,"G4H4+8R9, Bd du Zarmaganda",Niamey,,NE,,+227 88 66 80 20,Restaurant,https://www.google.com/maps/search/?api=1&query=Rawda&query_place_id=ChIJm1c7Do910BERneub3Z3U5JQ,
Le Moulin Restaurant Boulangerie Pâtisserie Alimentation,4.0,580.0,"H325+Q44, RN1",Niamey,,NE,,+227 82 94 94 75,Restaurant,https://www.google.com/maps/search/?api=1&query=Le%20Moulin%20Restaurant%20Boulangerie%20P%C3%A2tisserie%20Alimentation&query_place_id=ChIJMy68jG6d2hERVsNHqLy40x8,
RESTAURANT LE PILIER,4.2,559.0,rue de la tapoa,Niamey,,NE,,+227 77 83 82 82,Restaurant italien,https://www.google.com/maps/search/?api=1&query=RESTAURANT%20LE%20PILIER&query_place_id=ChIJKWbc5lZ10BERbeLjihFcT74,
Côté Jardin,4.3,557.0,G492+XRX,Niamey,,NE,http://www.cote-jardin-niamey.com/,+227 91 55 38 90,Restaurant,https://www.google.com/maps/search/?api=1&query=C%C3%B4t%C3%A9%20Jardin&query_place_id=ChIJIyZIYZx10BERMj8Q33zGyCU,
TABAKADY,4.1,505.0,Derriere stade seyni kountche,Niamey,,NE,,+227 90 90 65 44,Restaurant,https://www.google.com/maps/search/?api=1&query=TABAKADY&query_place_id=ChIJi-9H73t10BERSoenLFPhCoU,
New York Restaurant & Bar,4.6,488.0,Boulevard de la Republique,Niamey,,NE,https://www.radissonhotels.com/en-us/hotels/radisson-blu-conference-niamey,+227 23 23 11 11,Restaurant,https://www.google.com/maps/search/?api=1&query=New%20York%20Restaurant%20%26%20Bar&query_place_id=ChIJY3w2TGp10BERuLczkwbnN9U,
Restaurant Al-Mina,4.9,443.0,Boulevard de la Republique,Niamey,,NE,https://www.radissonhotels.com/en-us/hotels/radisson-blu-conference-niamey,+227 23 23 11 11,Restaurant,https://www.google.com/maps/search/?api=1&query=Restaurant%20Al-Mina&query_place_id=ChIJlxzVsNx10BERPmxYSaqj9Lk,
Boulangerie Rayan,3.9,380.0,Bd du Zarmaganda,Niamey,,NE,,+227 94 53 21 86,Boulangerie,https://www.google.com/maps/search/?api=1&query=Boulangerie%20Rayan&query_place_id=ChIJJ-huqLaf2hERLVJ469foFBo,
Cap Banga,4.0,355.0,"Route du barrage de Goudel, - BP11816",Niamey,,NE,http://www.facebook.com/capbanga,+227 80 09 11 11,Restaurant,https://www.google.com/maps/search/?api=1&query=Cap%20Banga&query_place_id=ChIJf4M-r-V10BERo5ZMp7bQOG0,
Cercle Mess des Officiers,3.7,298.0,F4VC+PHP,Niamey,,NE,,,Restaurant,https://www.google.com/maps/search/?api=1&query=Cercle%20Mess%20des%20Officiers&query_place_id=ChIJA45OSxl10BER6vtp0fssLUc,
Restaurant Dragon D'or Niamey,3.9,279.0,,Niamey,,NE,,+227 90 00 14 37,Restaurant,https://www.google.com/maps/search/?api=1&query=Restaurant%20Dragon%20D'or%20Niamey&query_place_id=ChIJxyyGJgx10BER4TmVUC7DDA8,
Palais de chawarma,3.6,253.0,"G3MR+R3M, Blvd Mali Bero",Niamey,,NE,,+227 90 17 61 61,Restaurant diététique,https://www.google.com/maps/search/?api=1&query=Palais%20de%20chawarma&query_place_id=ChIJR8rZCwR10BER1yZfyJAFm2k,
Parc de l'amitié Nigero Turque,4.2,229.0,rond-point TALWA,Niamey,,NE,,+227 90 24 93 93,Parc de loisirs,https://www.google.com/maps/search/?api=1&query=Parc%20de%20l'amiti%C3%A9%20Nigero%20Turque&query_place_id=ChIJNQK-sXAL0BERDe8dLAyHKNM,
hotel les collines,3.6,204.0,"F3X4+HM9, Bd du Gourma",Niamey,,NE,,+227 96 97 35 64,Restaurant,https://www.google.com/maps/search/?api=1&query=hotel%20les%20collines&query_place_id=ChIJc5_-yHp20BERWLuOz3haGRI,
Hôtel Restaurant Maquis 2000,3.6,190.0,G469+HM7,Niamey,,NE,,+227 20 73 55 56,Restaurant,https://www.google.com/maps/search/?api=1&query=H%C3%B4tel%20Restaurant%20Maquis%202000&query_place_id=ChIJxVO9ThN10BERG4LQW0R_5Mk,
Hôtel ALIYA,4.0,187.0,F3X3+HQ2,,,NE,,+227 96 07 99 96,Hôtel,https://www.google.com/maps/search/?api=1&query=H%C3%B4tel%20ALIYA&query_place_id=ChIJBU4RrpR30BERqt_oO_9o9j0,
PIZZA CLUB FONDAKAYAN,4.1,177.0,G3FW+VWX,Niamey,,NE,,+227 96 63 36 41,Restaurant,https://www.google.com/maps/search/?api=1&query=PIZZA%20CLUB%20FONDAKAYAN&query_place_id=ChIJ9Rr_O4V10BERlPIMZVXBCOk,
Belissimo,3.9,177.0,G486+9WJ,Niamey,,NE,,+227 90 19 49 23,Restaurant,https://www.google.com/maps/search/?api=1&query=Belissimo&query_place_id=ChIJ5QSVuHN10BERWzpcWacSX6k,
Restaurant 3 Epices,3.7,174.0,G4M3+H34,Niamey,,NE,,+227 94 27 64 02,Restaurant,https://www.google.com/maps/search/?api=1&query=Restaurant%203%20Epices&query_place_id=ChIJlwUcjoB10BERsocE5JuScAU,
Le Watta,3.7,173.0,Unnamed Road,Niamey,,NE,https://www.facebook.com/Hotel-Restaurant-LE-Watta-361078950592310/,+227 96 98 29 55,Restaurant,https://www.google.com/maps/search/?api=1&query=Le%20Watta&query_place_id=ChIJ-fq3yaN10BERFfSwYwxkpTM,
Aladdin's resto libanais,3.8,169.0,,Niamey,,NE,,+227 80 80 80 15,Restaurant,https://www.google.com/maps/search/?api=1&query=Aladdin's%20resto%20libanais&query_place_id=ChIJI-O3yId10BER2btrVtSBadw,
Zaxi Restaurant,4.7,167.0,Boulevard de la Republique,Niamey,,NE,https://www.radissonhotels.com/en-us/hotels/radisson-blu-conference-niamey,+227 23 23 11 11,Restaurant,https://www.google.com/maps/search/?api=1&query=Zaxi%20Restaurant&query_place_id=ChIJlQBWA1p10BER3gECCv-5y7g,
CNAV,3.6,160.0,G4C4+6WJ,Niamey,,NE,,+227 92 61 82 00,Restaurant africain,https://www.google.com/maps/search/?api=1&query=CNAV&query_place_id=ChIJj-zCSnZ10BERg9WiKlPJ-vc,
Restaurant Le Baobab,3.6,144.0,G487+CFJ,Niamey,,NE,,+227 96 50 77 11,Restaurant,https://www.google.com/maps/search/?api=1&query=Restaurant%20Le%20Baobab&query_place_id=ChIJi6a2N3J10BERiK0hJiT8_RM,
Complexe GMK,3.8,141.0,,Niamey,,NE,,+227 90 36 26 00,Restaurant,https://www.google.com/maps/search/?api=1&query=Complexe%20GMK&query_place_id=ChIJV1tGdEV10BER-KyMIp4OLE0,
Restaurant Alhamdoulillah,3.7,113.0,H32W+7RJ Bobiel,Niamey,,NE,,,Restaurant,https://www.google.com/maps/search/?api=1&query=Restaurant%20Alhamdoulillah&query_place_id=ChIJzWgIlTCe2hER5hYG1-p-X7A,
Le Toulousain,3.3,109.0,"G3JW+VV3, Av. de Djermakoye",Niamey,,NE,,,Restaurant,https://www.google.com/maps/search/?api=1&query=Le%20Toulousain&query_place_id=ChIJhfcGv4d10BER808tuOdvJuU,
Eden’s Parc & Lounge,4.2,86.0,,Niamey,,NE,,+227 99 59 65 63,Restaurant,https://www.google.com/maps/search/?api=1&query=Eden%E2%80%99s%20Parc%20%26%20Lounge&query_place_id=ChIJu1TD9Lp30BERKnSSPBh2AAk,
Boulangerie - Patisserie -Restaurant Youssoura,4.0,81.0,,Niamey,,NE,,+227 81 27 27 29,Restaurant,https://www.google.com/maps/search/?api=1&query=Boulangerie%20-%20Patisserie%20-Restaurant%20Youssoura&query_place_id=ChIJ-wW63_gL0BER20is-xvXe-8,
WAJABATT FOOD,3.8,75.0,"Pharmacie Centre aéré BCEAO, Boulevard Tanimoune Face",Niamey,,NE,https://www.facebook.com/profile.php?id=100089311178209&mibextid=kFxxJD,+227 96 30 12 12,Restauration rapide,https://www.google.com/maps/search/?api=1&query=WAJABATT%20FOOD&query_place_id=ChIJQexne5Gf2hERkFXiQVJuXh8,
LA VILLA PAPAYO,3.9,74.0,"G3M9+J5C, Rue KK46",Niamey,,NE,,+227 94 71 71 71,Restaurant,https://www.google.com/maps/search/?api=1&query=LA%20VILLA%20PAPAYO&query_place_id=ChIJOQjDYvF10BERAoncIbkwulc,
O'Takoss,3.9,74.0,Unnamed Road,Niamey,,NE,http://www.otacos.com/,+227 82 44 03 74,Restaurant de tacos,https://www.google.com/maps/search/?api=1&query=O'Takoss&query_place_id=ChIJE_m5r0ef2hERIjS9bRvRkhY,
TWO TWO SEVEN,4.0,72.0,705 Av. de Djermakoye,Niamey,,NE,,+227 88 40 40 50,Restauration rapide,https://www.google.com/maps/search/?api=1&query=TWO%20TWO%20SEVEN&query_place_id=ChIJrdZ13ad10BERCpfzPglG-UE,
Colline Parfumée,3.8,67.0,"G4H4+8GF, Bd du Zarmaganda",Niamey,,NE,,+227 96 29 86 89,Restaurant,https://www.google.com/maps/search/?api=1&query=Colline%20Parfum%C3%A9e&query_place_id=ChIJ-32UNNSf2hERQvWM6FrK554,
Hünkar sofrasi( Restorant),4.2,64.0,H37X+XP9,Niamey,,NE,http://www.hunkarniamey.com/,+227 85 56 00 00,Restaurant turc,https://www.google.com/maps/search/?api=1&query=H%C3%BCnkar%20sofrasi(%20Restorant)&query_place_id=ChIJ02mmDgKf2hERXbk7orgzrDA,
La Grande Gourmandise (La GG),4.4,63.0,"Plateau 1, Blvd Mali Bero",Niamey,,NE,https://laggourmandise.com/,+227 88 89 50 50,Restaurant,https://www.google.com/maps/search/?api=1&query=La%20Grande%20Gourmandise%20(La%20GG)&query_place_id=ChIJLakNguV10BEReStnrfj0jLY,
THE CHICKEN JOINT NIAMEY,3.9,61.0,"Nouveau Marché, CUN 3, Rue De L'algerie NM 40, Pavé Ex OFEDES BOITE 13794 NIAMEY",Niamey,,NE,,+227 90 09 39 39,Restauration rapide,https://www.google.com/maps/search/?api=1&query=THE%20CHICKEN%20JOINT%20NIAMEY&query_place_id=ChIJ_8_MEzx10BERB6oVhEJ-xCs,
French Tacos 1,3.9,61.0,G4M4+FWQ,Niamey,,NE,,+227 90 86 54 86,Restauration rapide,https://www.google.com/maps/search/?api=1&query=French%20Tacos%201&query_place_id=ChIJUw0JXUR10BERH0E6VfDVTwE,
Rams,3.8,60.0,G3CW+P2F,Niamey,,NE,,+227 20 72 39 65,Restaurant,https://www.google.com/maps/search/?api=1&query=Rams&query_place_id=ChIJO-iabJB10BERC7CV8SHrfCo,
Maquis Doré,3.8,60.0,G46C+RP2,Niamey,,NE,,+227 84 10 94 67,Restaurant,https://www.google.com/maps/search/?api=1&query=Maquis%20Dor%C3%A9&query_place_id=ChIJWy-ktjZ10BEREspRFz0kTXU,
Complexe Le Mafé,3.8,56.0,"G49Q+7GQ, Blvd Mali Bero",Niamey,,NE,,+227 98 75 70 73,Restaurant,https://www.google.com/maps/search/?api=1&query=Complexe%20Le%20Maf%C3%A9&query_place_id=ChIJkZbgpGd10BERI0xQQI8672o,
Restaurant DOGONEY,3.3,51.0,G3GW+83R,Niamey,,NE,,+227 96 26 13 68,Restaurant,https://www.google.com/maps/search/?api=1&query=Restaurant%20DOGONEY&query_place_id=ChIJpaTbm4910BERfy7m42GSb_0,
Festival Des Glaces,4.1,50.0,RN1,Niamey,,NE,,+227 91 15 11 55,Restauration rapide,https://www.google.com/maps/search/?api=1&query=Festival%20Des%20Glaces&query_place_id=ChIJZ1nqWYV10BERxcTmSZ9AOeI,
Restaurant sonda sonda,4.2,49.0,Boulevard de l'Independance,Niamey,,NE,,+227 88 18 35 01,Restaurant,https://www.google.com/maps/search/?api=1&query=Restaurant%20sonda%20sonda&query_place_id=ChIJXdoNcXh10BERDJRp_oj-JGA,
Restaurant La Légende Bobiel,4.1,47.0,,Niamey,,NE,,+227 95 46 13 26,Restaurant,https://www.google.com/maps/search/?api=1&query=Restaurant%20La%20L%C3%A9gende%20Bobiel&query_place_id=ChIJZ5Ul7vyd2hERp-SkG3BEW4c,
Chez Binta,3.8,47.0,G4F2+3MW,Niamey,,NE,,+227 90 23 24 24,Restaurant,https://www.google.com/maps/search/?api=1&query=Chez%20Binta&query_place_id=ChIJQR7CsJx10BERxkNxveNoLY8,
Restaurant Azawak,4.0,46.0,binvene a,Niamey,,NE,,,Restaurant,https://www.google.com/maps/search/?api=1&query=Restaurant%20Azawak&query_place_id=ChIJneuUSZkL0BERwur_QisM180,
Attiekédrome,3.8,46.0,G439+76X,Niamey,,NE,,+227 84 36 45 24,Restaurant,https://www.google.com/maps/search/?api=1&query=Attiek%C3%A9drome&query_place_id=ChIJlVpu2zF10BERPpTtttisG3Q,
BOUZAN COMMERCE GÉNÉRALE: RESTAURANT/ POISSONNERIE/ CHARCUTERIES/CRÈMEE GLACÉE,3.9,45.0,Niamey Lossogoungou,Niamey,,NE,,+227 96 40 00 15,Restaurant,https://www.google.com/maps/search/?api=1&query=BOUZAN%20COMMERCE%20G%C3%89N%C3%89RALE%3A%20RESTAURANT%2F%20POISSONNERIE%2F%20CHARCUTERIES%2FCR%C3%88MEE%20GLAC%C3%89E&query_place_id=ChIJd3vEoMWd2hERrI8MW8RRndA,
Restaurant Le Festin Chez Saly,3.8,45.0,G4M4+22P,Niamey,,NE,,+227 98 23 97 59,Restaurant,https://www.google.com/maps/search/?api=1&query=Restaurant%20Le%20Festin%20Chez%20Saly&query_place_id=ChIJXaY5MIB10BERfRM-wVK2_DY,
Zen Espace,4.0,41.0,HXV8+P65,Kanazi,,NE,,+227 90 17 17 17,Restaurant,https://www.google.com/maps/search/?api=1&query=Zen%20Espace&query_place_id=ChIJUUHh2xiD2hER-QAnoKGw9Fg,
Cafe Resto La Bonne Pioche,4.0,41.0,"G4F2+JP8, RN1",Niamey,,NE,,+227 80 69 64 49,Restaurant,https://www.google.com/maps/search/?api=1&query=Cafe%20Resto%20La%20Bonne%20Pioche&query_place_id=ChIJaQqjSIN10BERzLgnTmWpV24,
The Goût Unique,4.4,41.0,G3QV+J6G,Niamey,,NE,,+227 91 76 09 78,Restaurant,https://www.google.com/maps/search/?api=1&query=The%20Go%C3%BBt%20Unique&query_place_id=ChIJt7oisCGf2hERN7kXgIJbLyA,
Carthage Restaurant,3.6,39.0,G3GW+HQW,Niamey,,NE,,+227 90 13 37 76,Restaurant,https://www.google.com/maps/search/?api=1&query=Carthage%20Restaurant&query_place_id=ChIJY9OKnoV10BER3gAp0ybSqyQ,
Restaurant KARASU,3.9,39.0,Bd du Zarmaganda,Niamey,,NE,,+227 96 27 65 65,Restaurant,https://www.google.com/maps/search/?api=1&query=Restaurant%20KARASU&query_place_id=ChIJeR6uG2d10BERrk9DfWG187I,
Le Campement Restaurant Niamey,4.1,37.0,227,Niamey,,NE,,+227 95 95 01 02,Restaurant,https://www.google.com/maps/search/?api=1&query=Le%20Campement%20Restaurant%20Niamey&query_place_id=ChIJtZMaSQGf2hERj7nLTCI34Sk,
Restaurant Marrakech,3.9,37.0,G476+GRR,Niamey,,NE,https://www.facebook.com/delices.marrakech.5,+227 94 27 27 64,Restaurant marocain,https://www.google.com/maps/search/?api=1&query=Restaurant%20Marrakech&query_place_id=ChIJHXiBEnN10BER3gts2CU8OaA,
Complexe Fast & Furious,3.9,37.0,H4R4+JQW,,,NE,,+227 98 45 60 55,Bar,https://www.google.com/maps/search/?api=1&query=Complexe%20Fast%20%26%20Furious&query_place_id=ChIJy_JtH7Wf2hERf5mjHVnflpc,
Miam sandwich et pizza,3.6,35.0,8 Blvd Mali Bero,Niamey,,NE,,+227 99 33 33 21,Restaurant,https://www.google.com/maps/search/?api=1&query=Miam%20sandwich%20et%20pizza&query_place_id=ChIJIzd_Gud10BER82B8j4zYyB0,
GREEN AUBERGE,4.1,35.0,"G3H5+F48, Unnamed Road",Niamey,,NE,,+227 95 18 09 89,Restaurant,https://www.google.com/maps/search/?api=1&query=GREEN%20AUBERGE&query_place_id=ChIJm1GTWKl30BERyDecPZYjKV8,
Burger time,4.7,35.0,Pharmacie city chinoise,Niamey,,NE,,+227 81 20 20 25,Restaurant de cuisine d'Odisha,https://www.google.com/maps/search/?api=1&query=Burger%20time&query_place_id=ChIJ21LbxIN10BERWnWlymxjDxY,
Boulangerie route torrodi,4.1,34.0,"F3RJ+FJX, RN6",Niamey,,NE,,+227 94 94 70 94,Restaurant,https://www.google.com/maps/search/?api=1&query=Boulangerie%20route%20torrodi&query_place_id=ChIJlRWRfPF10BERGwraAvKDQbo,
Le Gondwana,3.8,33.0,,Niamey,,NE,,+227 99 60 61 83,Restaurant,https://www.google.com/maps/search/?api=1&query=Le%20Gondwana&query_place_id=ChIJnakxqOd10BERScslFxxlT80,
Fofo Taco,4.8,32.0,G3MH+X2J,Niamey,,NE,,+227 90 81 13 52,Restaurant mexicain,https://www.google.com/maps/search/?api=1&query=Fofo%20Taco&query_place_id=ChIJ3S7_7oN10BER_hvWCqfj8rA,
Restaurant Les Épices du Sahel,4.0,32.0,Unnamed Road,Niamey,,NE,,+227 87 87 87 88,Restaurant,https://www.google.com/maps/search/?api=1&query=Restaurant%20Les%20%C3%89pices%20du%20Sahel&query_place_id=ChIJiRG1NrWf2hER6RkzS335aQ8,
Nama Lounge,4.5,31.0,"G3W8+4F6, RN1",Niamey,,NE,,+227 83 84 75 75,Restaurant de grillades,https://www.google.com/maps/search/?api=1&query=Nama%20Lounge&query_place_id=ChIJc9uYfMCd2hERiAm6WCwGa_s,
"Restaurant ""Chez IDRISS NEM""",3.9,31.0,125 rue du Plateau,Niamey,,NE,,+227 97 10 45 45,Restaurant,https://www.google.com/maps/search/?api=1&query=Restaurant%20%22Chez%20IDRISS%20NEM%22&query_place_id=ChIJeeAbfjN10BERP3SOiqGFl44,
The BBQ Table,4.1,30.0,"Opp. Ola Station, Blvd Mali Bero",Niamey,,NE,,+227 88 60 15 60,Restaurant,https://www.google.com/maps/search/?api=1&query=The%20BBQ%20Table&query_place_id=ChIJ23uo4i910BERLyvLPm0WQjY,
Univer food,3.3,28.0,H32Q+JWC,Niamey,,NE,,+227 90 76 18 10,Restaurant,https://www.google.com/maps/search/?api=1&query=Univer%20food&query_place_id=ChIJi0anFT-f2hERFoejzNPH6YQ,
M-SANDWICH,3.9,27.0,"G3PR+X7H, Recasement",Niamey,,NE,,+227 88 50 40 40,Restaurant,https://www.google.com/maps/search/?api=1&query=M-SANDWICH&query_place_id=ChIJ2ziTX0Wf2hERYzE9_6mUDtI,
Restaurant Valentine,3.9,26.0,Niamey bobiel Niamey bobiel,Niamey,,NE,,+227 85 50 50 30,Restaurant,https://www.google.com/maps/search/?api=1&query=Restaurant%20Valentine&query_place_id=ChIJAT_b6Q2f2hERlB4Zzp07TxA,
TASTE OF TANDOOR & INDIAN MULTI CUISINE RESTAURANT NIGER,4.0,25.0,,Niamey,,NE,,+227 99 17 30 18,Restaurant indien,https://www.google.com/maps/search/?api=1&query=TASTE%20OF%20TANDOOR%20%26%20INDIAN%20MULTI%20CUISINE%20RESTAURANT%20NIGER&query_place_id=ChIJ2QSavpV10BERpYNGCadZUy4,
Restaurant Arc-en-ciel,3.6,25.0,"G492+9M3, Unnamed Road",Niamey,,NE,,+227 96 47 45 77,Restaurant,https://www.google.com/maps/search/?api=1&query=Restaurant%20Arc-en-ciel&query_place_id=ChIJzzcCKMF10BER9QsH3TLdq1c,
Crown Hôtel,4.1,24.0,G447+2F4,Niamey,,NE,,+227 98 88 98 88,Restaurant,https://www.google.com/maps/search/?api=1&query=Crown%20H%C3%B4tel&query_place_id=ChIJh2WhZQ510BERdrKvlludylM,
Boulangerie pâtisserie ANNOUR,4.2,24.0,"F3RJ+RCF, RN6",Niamey,,NE,,+227 96 94 63 67,Restaurant,https://www.google.com/maps/search/?api=1&query=Boulangerie%20p%C3%A2tisserie%20ANNOUR&query_place_id=ChIJf-P__Th10BERu3arVvBkmcs,
Danny's Grill,4.0,24.0,G3MM+786,Niamey,,NE,,+227 92 02 02 50,Restaurant de grillades,https://www.google.com/maps/search/?api=1&query=Danny's%20Grill&query_place_id=ChIJ5zZ_z8t10BERTz0sGP9QZuc,
Restaurant Le Matignon,3.2,24.0,G3V9+4J7,Niamey,,NE,,,Restaurant africain,https://www.google.com/maps/search/?api=1&query=Restaurant%20Le%20Matignon&query_place_id=ChIJbbdiyh-f2hERa4t2RENjk9s,
CASA D LUCA,4.8,24.0,,Niamey,,NE,,+227 80 80 31 21,Restaurant,https://www.google.com/maps/search/?api=1&query=CASA%20D%20LUCA&query_place_id=ChIJ2a_i6-910BERiWQWtCX1ID0,
Papayo Aereport,4.1,23.0,"F57V+FF7, RN1",Niamey,,NE,,,Restaurant,https://www.google.com/maps/search/?api=1&query=Papayo%20Aereport&query_place_id=ChIJo6bF3A8L0BEROJiuHdaZEJI,
Restaurant Salamou Maï Touwo,3.3,23.0,G46X+36F,Niamey,,NE,,,Restaurant africain,https://www.google.com/maps/search/?api=1&query=Restaurant%20Salamou%20Ma%C3%AF%20Touwo&query_place_id=ChIJ6w07ZsoK0BEReGrWn5UkBAg,
Patisseri bin dawoud,3.7,23.0,F3QX+272,Niamey,,NE,,,Restaurant,https://www.google.com/maps/search/?api=1&query=Patisseri%20bin%20dawoud&query_place_id=ChIJqS1ZC6J10BERN8y3IxidC1k,
Bar Restaurant Des Arènes,3.6,23.0,"arène de lutte, Stade De La Lute Traditionelle",Niamey,,NE,,,Restaurant,https://www.google.com/maps/search/?api=1&query=Bar%20Restaurant%20Des%20Ar%C3%A8nes&query_place_id=ChIJ90Y0Um110BER66sIuLhxpbg,
Terre de Passion,3.6,23.0,"G38R+4R6, Boulevard de la Republique",Niamey,,NE,,,Restaurant,https://www.google.com/maps/search/?api=1&query=Terre%20de%20Passion&query_place_id=ChIJoZ67lTt10BERc7dO2aZEdGc,
Yin-yang Paradise,4.2,22.0,RN4,Niger,,NE,,+227 80 54 19 56,Restaurant,https://www.google.com/maps/search/?api=1&query=Yin-yang%20Paradise&query_place_id=ChIJzXkPxmt30BERHzkjg8PSbag,
Restaurant Sawki,3.4,22.0,"G5PM+CMX, Unnamed Road",Niamey,,NE,,+227 98 98 56 70,Restaurant,https://www.google.com/maps/search/?api=1&query=Restaurant%20Sawki&query_place_id=ChIJoXLBiZah2hERl77Fs3HDCTY,
KLF STREETFOOD,4.5,21.0,Av. de Djermakoye,Niamey,,NE,,+227 88 04 48 48,Restaurant,https://www.google.com/maps/search/?api=1&query=KLF%20STREETFOOD&query_place_id=ChIJ791A6kd10BERdv_9gkUrkk4,
RESTO,3.0,20.0,G32V+3R7,Niamey,,NE,,,Restaurant,https://www.google.com/maps/search/?api=1&query=RESTO&query_place_id=ChIJ_ReqdbB10BER3QwUTngh1zQ,
Two two seven Fenifoot,4.0,20.0,"H37V+Q66, Unnamed Road",Niamey,,NE,,+227 88 72 84 84,Restauration rapide,https://www.google.com/maps/search/?api=1&query=Two%20two%20seven%20Fenifoot&query_place_id=ChIJY-jjutyf2hERzGEKSvHrcYo,
Restaurant Vice versa,4.4,19.0,Maurice delens,Niamey,,NE,,+227 80 10 10 45,Restaurant,https://www.google.com/maps/search/?api=1&query=Restaurant%20Vice%20versa&query_place_id=ChIJQw0jx6h10BERRTfstg25_Vc,
Saveurs Mixtes,3.9,19.0,"G3VJ+78X, Unnamed Road",Niamey,,NE,,+227 98 70 70 28,Restaurant de spécialités d'Afrique de l'Ouest,https://www.google.com/maps/search/?api=1&query=Saveurs%20Mixtes&query_place_id=ChIJXRNm8g6f2hERyv0ldz-Idpo,
Le Café des Arts,4.1,17.0,"vers la Pharmacie Sira, Quartier Koubia",Niamey,,NE,,+227 89 32 89 97,Café et restaurant de grillades,https://www.google.com/maps/search/?api=1&query=Le%20Caf%C3%A9%20des%20Arts&query_place_id=ChIJ8Ul6-4af2hERn2b1koLMcG8,
Doukounou Fameye,4.2,17.0,G48W+XV9,Niamey,,NE,,,Restaurant,https://www.google.com/maps/search/?api=1&query=Doukounou%20Fameye&query_place_id=ChIJCf1RHZ4L0BERjEz1Xyrd-W4,
Le SHERIFFIEN,4.5,17.0,G45G+422,Niamey,,NE,,+227 97 35 95 46,Restaurant,https://www.google.com/maps/search/?api=1&query=Le%20SHERIFFIEN&query_place_id=ChIJm-jhjhV10BERvW6WBD3-4F8,
Océan des Saveurs,3.9,16.0,"G44H+J3H, Unnamed Road",Niamey,,NE,,+227 97 79 49 82,Restaurant de spécialités d'Afrique de l'Ouest,https://www.google.com/maps/search/?api=1&query=Oc%C3%A9an%20des%20Saveurs&query_place_id=ChIJRYUv-1910BERXMMtv28fcBE,
Restaurant Mumbaï,4.4,16.0,"cotê Authorité de Regulation de secteur de L'energie, Plateau, cotê clinique d'iran",Niamey,,NE,http://www.restaurantmumbai.net/,+227 97 97 60 33,Restaurant indien,https://www.google.com/maps/search/?api=1&query=Restaurant%20Mumba%C3%AF&query_place_id=ChIJuRwHXiB10BERC8lGLSEIFn4,
Le Palmier,4.3,15.0,"G463+W5R, Boulevard de la Republique",Niamey,,NE,,+227 94 97 97 97,Restaurant,https://www.google.com/maps/search/?api=1&query=Le%20Palmier&query_place_id=ChIJt4sK0hR10BERPCoGJQw6dO0,
Restaurant 1ere Pompe,3.5,15.0,"H34P+JX8, Unnamed Road",Niamey,,NE,,,Restaurant,https://www.google.com/maps/search/?api=1&query=Restaurant%201ere%20Pompe&query_place_id=ChIJqWc0UMCf2hERhoqxY3EWea4,
Optimum Fast Food,3.7,15.0,"Unnamed Road A côté de la pharmacie Zara ,non loin du rond point sonuci",Niamey,,NE,https://www.instagram.com/p/B7btuhEp01L/?igshid=1r5r3wofo2lw,+227 80 70 51 35,Restaurant,https://www.google.com/maps/search/?api=1&query=Optimum%20Fast%20Food&query_place_id=ChIJCdnwmqWf2hER2a_goBKe5FI,
Terrasse mango,4.5,15.0,"G38X+RGV, Boulevard de la Republique",Niamey,,NE,,,Restaurant français,https://www.google.com/maps/search/?api=1&query=Terrasse%20mango&query_place_id=ChIJCy05eJV10BERFJZu7AQ7hy4,
Chez Romoke,2.6,15.0,"G3X5+RQM, RN1",Niamey,,NE,,+227 89 75 25 46,Restaurant,https://www.google.com/maps/search/?api=1&query=Chez%20Romoke&query_place_id=ChIJ55pr_-Sd2hERZGJfmPAaSqw,
Alimentation et maquis chez soum,3.7,15.0,H4W7+5P,,,NE,,,Restaurant,https://www.google.com/maps/search/?api=1&query=Alimentation%20et%20maquis%20chez%20soum&query_place_id=ChIJ7QZTukyf2hERJOZ-mmdkNXw,
Le Gourmet,4.2,15.0,H3QX+FHG,,,NE,,+227 88 01 69 51,Boulangerie,https://www.google.com/maps/search/?api=1&query=Le%20Gourmet&query_place_id=ChIJnR9M26-f2hERZ8XAys1wqVE,
Chez Caro-Restaurant,4.2,14.0,G3GR+47J,Niamey,,NE,,,Restaurant,https://www.google.com/maps/search/?api=1&query=Chez%20Caro-Restaurant&query_place_id=ChIJIXVVk_Z10BERI4mWOh0cvP4,
O'Good Food,3.9,14.0,"G3JJ+8HQ, Blvd Mali Bero",Niamey,,NE,,+227 82 73 73 55,Restaurant,https://www.google.com/maps/search/?api=1&query=O'Good%20Food&query_place_id=ChIJc3gO2JV10BERU3UeGodA_yE,
Restaurant Bab Al Yemen - ???? ??? ?????,4.2,14.0,"H4G4+F38, Quartier Francophonie",Niamey,,NE,,+227 90 67 27 53,Restaurant,https://www.google.com/maps/search/?api=1&query=Restaurant%20Bab%20Al%20Yemen%20-%20%D9%85%D8%B7%D8%B9%D9%85%20%D8%A8%D8%A7%D8%A8%20%D8%A7%D9%84%D9%8A%D9%85%D9%86&query_place_id=ChIJB__GC62f2hERQsigJnPstAA,
Restaurant le Citron Vert,4.3,14.0,227,Niamey,,NE,,+227 80 24 18 61,Restaurant,https://www.google.com/maps/search/?api=1&query=Restaurant%20le%20Citron%20Vert&query_place_id=ChIJmxH0hBmf2hERFBBK1KzIt0o,
MAK FOOD NIGER,3.5,13.0,"G2VV+G8G, Unnamed Road",Niamey,,NE,,+227 96 37 16 90,Restaurant,https://www.google.com/maps/search/?api=1&query=MAK%20FOOD%20NIGER&query_place_id=ChIJb859zmed2hERbQGTAsgVyIU,
Hamza Food and Juice,5.0,13.0,H482+FFH,Niamey,,NE,,+227 88 14 56 52,Restauration rapide,https://www.google.com/maps/search/?api=1&query=Hamza%20Food%20and%20Juice&query_place_id=ChIJrzWASACf2hERaK_GB57I8Zs,
Poulet Anfani,4.8,12.0,G46W+83Q,Niamey,,NE,,+227 96 96 11 06,Restaurant,https://www.google.com/maps/search/?api=1&query=Poulet%20Anfani&query_place_id=ChIJc-VQC14L0BERBR1MzTN31Gw,
Restaurant Mali Bero,3.3,12.0,H423+8HW,Niamey,,NE,,+227 96 03 96 53,Restaurant,https://www.google.com/maps/search/?api=1&query=Restaurant%20Mali%20Bero&query_place_id=ChIJN7v_PNWf2hERFk41RKGFNvY,
Restaurant la Rose,4.2,12.0,Quartier plateau YN-12 porte 110,Niamey,,NE,,+227 80 66 90 99,Restaurant gastronomique,https://www.google.com/maps/search/?api=1&query=Restaurant%20la%20Rose&query_place_id=ChIJEXGl30B10BERd11hnc59t2w,
Cafetaria De L'Hôpital,4.0,12.0,"Boulevard de la Republique,, Boulevard de la Republique Boulevard de la Republique",Niamey,,NE,,,Restaurant,https://www.google.com/maps/search/?api=1&query=Cafetaria%20De%20L'H%C3%B4pital&query_place_id=ChIJj4Y_y5h10BERv84Q0b5Gc1M,
Plaque DUBAI,3.8,12.0,"H4JG+VPQ, Unnamed Road",Niamey,,NE,,+227 94 25 17 79,Café,https://www.google.com/maps/search/?api=1&query=Plaque%20DUBAI&query_place_id=ChIJASxZEpWf2hERix2zveEqZXM,
Maquis Max &Co,4.5,11.0,G459+J6H,Niamey,,NE,,+227 96 96 30 79,Bar-restaurant à huîtres,https://www.google.com/maps/search/?api=1&query=Maquis%20Max%20%26Co&query_place_id=ChIJLR6Wt6d10BERdtdPd-TF2ls,
Restaurant Fortitude Saguia,4.3,11.0,"F475+PF6, RN27",Niamey,,NE,,+227 93 55 20 60,Restaurant gastronomique,https://www.google.com/maps/search/?api=1&query=Restaurant%20Fortitude%20Saguia&query_place_id=ChIJPVGdqeZ10BERL9R4Ftm4IxA,
Rayane Cafétéria,3.7,11.0,"G33H+H27, Unnamed Road",Niamey,,NE,,,Café,https://www.google.com/maps/search/?api=1&query=Rayane%20Caf%C3%A9t%C3%A9ria&query_place_id=ChIJmx8Un1N10BERTBGW67os5eM,
Mechoui Vieux Hassane,4.5,11.0,"chateau 8, Blvd Mali Bero",Niamey,,NE,,+227 94 24 24 83,Restaurant,https://www.google.com/maps/search/?api=1&query=Mechoui%20Vieux%20Hassane&query_place_id=ChIJmXvHrIp10BERpLQPHxOoX-s,
Glacimo centre aéré,4.5,11.0,Boulevard tanimoune Centre aéré BCEAO,Niamey,,NE,,+227 89 98 83 83,Restaurant,https://www.google.com/maps/search/?api=1&query=Glacimo%20centre%20a%C3%A9r%C3%A9&query_place_id=ChIJozQOyYef2hERMK7FkVhWzWI,
BBlack Chez Nasser,4.2,11.0,,Niamey,,NE,,+227 88 21 71 36,Restaurant,https://www.google.com/maps/search/?api=1&query=BBlack%20Chez%20Nasser&query_place_id=ChIJmc_p6_Gf2hERC39KN5FyScY,
AFC Restaurant,4.0,11.0,H37Q+97X,Niamey,,NE,,+227 76 69 16 46,Restaurant,https://www.google.com/maps/search/?api=1&query=AFC%20Restaurant&query_place_id=ChIJ611AdwCf2hER81xfuQZIpy8,
alimentation chez Maiga,4.0,10.0,F59H+49Q,Niamey,,NE,,+227 99 24 09 81,Restaurant,https://www.google.com/maps/search/?api=1&query=alimentation%20chez%20Maiga&query_place_id=ChIJ93TwWUgL0BER6JR8qxFjWzU,
HORIZONT KANAZI,4.8,10.0,12173 Niamey,,,NE,,+227 89 54 35 08,Restaurant,https://www.google.com/maps/search/?api=1&query=HORIZONT%20KANAZI&query_place_id=ChIJpSCqi5-d2hERCnr1uz1V3xs,
Brochettes de viande de Boeuf épicée locale,4.6,10.0,"G4VV+34Q, Unnamed Road",Niamey,,NE,,,Restaurant servant des abats au barbecue,https://www.google.com/maps/search/?api=1&query=Brochettes%20de%20viande%20de%20Boeuf%20%C3%A9pic%C3%A9e%20locale&query_place_id=ChIJx4iYWG2f2hERmPvikopt3Es,
Vente de mechoui,3.5,10.0,H4G5+FQ4,Niamey,,NE,,+227 96 82 07 80,Restaurant de viande grillée (yakiniku),https://www.google.com/maps/search/?api=1&query=Vente%20de%20mechoui&query_place_id=ChIJT7Rh2Oif2hERdQe-JPfSQtU,
Byblos,3.7,10.0,"G493+J6V, N1",Niamey,,NE,,,Restaurant,https://www.google.com/maps/search/?api=1&query=Byblos&query_place_id=ChIJU2GJSZx10BER2lOIALBz49o,
Xpress Fryz,4.5,10.0,"Plaque Noma, Recasement",Niamey,,NE,,+227 96 19 37 88,Restauration rapide,https://www.google.com/maps/search/?api=1&query=Xpress%20Fryz&query_place_id=ChIJg8O4TFuf2hERREb59BJDMgI,
Restaurant A&S Battara,3.1,9.0,F4M7+W8,Niamey,,NE,,+227 89 12 56 06,Restaurant de grillades,https://www.google.com/maps/search/?api=1&query=Restaurant%20A%26S%20Battara&query_place_id=ChIJX8b4lCB10BERtZl64k_BC0U,
Restaurant Grand B,4.6,9.0,G3FR+W82,Niamey,,NE,,,Restaurant,https://www.google.com/maps/search/?api=1&query=Restaurant%20Grand%20B&query_place_id=ChIJw44AER510BERa8jc2DCB0ZY,
LEGEND RESTO LOUNGE,3.9,9.0,G4Q5+4RQ,Niamey,,NE,,,Restaurant,https://www.google.com/maps/search/?api=1&query=LEGEND%20RESTO%20LOUNGE&query_place_id=ChIJX2MJqZmf2hERCq3El9czNuM,
Restaurant chez Chayi,3.9,9.0,G3RV+6G7,Niamey,,NE,,,Restaurant,https://www.google.com/maps/search/?api=1&query=Restaurant%20chez%20Chayi&query_place_id=ChIJh-TuMUSf2hERdsBI4OHZEeY,
Meat on charcoal Shop,4.9,9.0,"G3G5+FWJ, Unnamed Road",Niamey,,NE,,,Restaurant,https://www.google.com/maps/search/?api=1&query=Meat%20on%20charcoal%20Shop&query_place_id=ChIJXR8bgK130BERVT8_ZCMhn5o,
LA CASA CAFE,3.8,9.0,H496+54C,Niamey,,NE,,+227 85 46 36 06,Café,https://www.google.com/maps/search/?api=1&query=LA%20CASA%20CAFE&query_place_id=ChIJQTdBCySf2hERzu-uk6rGtQY,
Restaurant le mafé,3.6,8.0,F58Q+W2R,Niamey,,NE,,,Restaurant thaï,https://www.google.com/maps/search/?api=1&query=Restaurant%20le%20maf%C3%A9&query_place_id=ChIJLbyGDq4L0BER-6yyTY0Gs5M,
Chez Aris Fast Food 2 Amir Sultan,3.9,8.0,F4VR+M3C,Niamey,,NE,,,Restauration rapide,https://www.google.com/maps/search/?api=1&query=Chez%20Aris%20Fast%20Food%202%20Amir%20Sultan&query_place_id=ChIJC1XhJgF10BERZbji71V8oAc,
Restaurant Issaka Kaïné UAM,4.4,8.0,"G32W+68Q, Unnamed Road",Niamey,,NE,,+227 89 82 00 02,Restaurant,https://www.google.com/maps/search/?api=1&query=Restaurant%20Issaka%20Ka%C3%AFn%C3%A9%20UAM&query_place_id=ChIJBSBv_Rl10BERldoj48cj_tY,
Africa Hall,4.6,8.0,G46G+J5R,Niamey,,NE,,+227 99 88 00 50,Restaurant,https://www.google.com/maps/search/?api=1&query=Africa%20Hall&query_place_id=ChIJVVVVVRV10BERKcBiPs5gF48,
attiéké-thon-fumé APF Chez Samychou,3.4,8.0,10349 Niamey,Niamey,,NE,,+227 88 14 98 22,Restaurant halal,https://www.google.com/maps/search/?api=1&query=atti%C3%A9k%C3%A9-thon-fum%C3%A9%20APF%20Chez%20Samychou&query_place_id=ChIJV6Shcxx10BERHx8bck9PQ8w,
CONCRETUM,4.4,8.0,G3PG+XV6,Niamey,,NE,,+227 92 14 89 74,Restaurant,https://www.google.com/maps/search/?api=1&query=CONCRETUM&query_place_id=ChIJFXYYAHCf2hERtCs6-3E1Ing,
Hotel Royal Continental Face Restaurant Cafe,4.6,8.0,"G3MR+473, Unnamed Road",Niamey,,NE,,,Restaurant,https://www.google.com/maps/search/?api=1&query=Hotel%20Royal%20Continental%20Face%20Restaurant%20Cafe&query_place_id=ChIJYxZnw8J10BERdu11H-1q3iI,
Laysa,3.5,8.0,,Niamey,,NE,https://laysa.wegic.app/,+227 76 95 75 79,Restaurant,https://www.google.com/maps/search/?api=1&query=Laysa&query_place_id=ChIJQWRWOhOf2hERxZc5zuv0JhY,
AFRICA JAM,3.9,8.0,G3R8+5WC,Niamey,,NE,,,Restaurant,https://www.google.com/maps/search/?api=1&query=AFRICA%20JAM&query_place_id=ChIJUS-PKpqf2hERXgclnhmn6EY,
GOOD FOOD chez GADO,3.6,8.0,G3QW+72W,Niamey,,NE,,+227 90 85 64 93,Restaurant africain,https://www.google.com/maps/search/?api=1&query=GOOD%20FOOD%20chez%20GADO&query_place_id=ChIJwfwzFZCf2hERwEBBP_xA27A,
African Food,4.3,8.0,G4H2+VRX,Niamey,,NE,,+227 88 11 93 98,Restaurant,https://www.google.com/maps/search/?api=1&query=African%20Food&query_place_id=ChIJjZINj3510BERLmjWgDsPId4,
Burgerillo,3.6,8.0,H32G+8W8,Niamey,,NE,,+227 88 80 04 00,Restaurant de hamburgers,https://www.google.com/maps/search/?api=1&query=Burgerillo&query_place_id=ChIJqX0rdTOf2hER3O_DntJ4-CE,
Nouhou Merguez,3.7,7.0,"G43M+HHX, Bd de l'Indépendance",Niamey,,NE,,+227 88 83 03 79,Restaurant,https://www.google.com/maps/search/?api=1&query=Nouhou%20Merguez&query_place_id=ChIJ_T6Eo4l10BERCDZWIu-B4fw,
O’Takoss,4.7,7.0,G45H+FW9,Niamey,,NE,,,Restauration rapide,https://www.google.com/maps/search/?api=1&query=O%E2%80%99Takoss&query_place_id=ChIJtQqGxlR10BERg-vTslj3H48,
Divine restaurant,4.7,7.0,"G3PX+427, Orange MB",Niamey,,NE,,+227 92 12 30 16,Restaurant,https://www.google.com/maps/search/?api=1&query=Divine%20restaurant&query_place_id=ChIJn2km8LOf2hERtQ5c7xj6dpg,
AKAL,4.9,7.0,,90280819,,NE,,+227 91 57 23 25,Kebab,https://www.google.com/maps/search/?api=1&query=AKAL&query_place_id=ChIJrXsCceWf2hERidc35qk4KD4,
O’hano Délices,4.3,7.0,"H33H+746, Boulevard Tanimoune",Niamey,,NE,,+227 89 98 24 24,Restaurant,https://www.google.com/maps/search/?api=1&query=O%E2%80%99hano%20D%C3%A9lices&query_place_id=ChIJq1GvXMef2hERK2IRWS-Tzp8,
Classic Cafétéria,4.6,7.0,"H35J+7FW, Unnamed Road",Niamey,,NE,http://www.facebook.com/classiccafeteria,+227 99 05 30 80,Restaurant de spécialités d'Afrique de l'Ouest,https://www.google.com/maps/search/?api=1&query=Classic%20Caf%C3%A9t%C3%A9ria&query_place_id=ChIJi14h9g6f2hERuxn7_tXrqQk,
Restaurant la Gourmandise,4.0,7.0,"G5HG+3F9, RN25",Niamey,,NE,,,Restaurant,https://www.google.com/maps/search/?api=1&query=Restaurant%20la%20Gourmandise&query_place_id=ChIJyeZzsAYL0BER17a9mCdFW-8,
Papayo plateau,4.6,7.0,227,Niamey,,NE,,+227 94 71 71 71,Restaurant,https://www.google.com/maps/search/?api=1&query=Papayo%20plateau&query_place_id=ChIJ-Wb6q7h10BERD66ILj71hdw,
Waddan Donair,4.0,7.0,H32F+7X,Niamey,,NE,,+227 80 83 44 17,Pizzeria,https://www.google.com/maps/search/?api=1&query=Waddan%20Donair&query_place_id=ChIJ5dMGn7af2hERtA0Rp9Y0QcY,
Restaurant Koubeyni,4.0,7.0,"Quartier Plateau, Bravia Hotel Niamey, Cases Allemandes",Niamey,,NE,https://www.braviahotels.com/hotels/Bravia%20Hotel%20Niamey,+227 88 14 75 72,Restaurant,https://www.google.com/maps/search/?api=1&query=Restaurant%20Koubeyni&query_place_id=ChIJFwVIfHh10BER3X0hIrjXejo,
Barbecue BBQ,4.4,7.0,H38X+4JP,Niamey,,NE,,+227 90 80 80 80,Restaurant libanais,https://www.google.com/maps/search/?api=1&query=Barbecue%20BBQ&query_place_id=ChIJU4dUcwCf2hERDlxgwOqND_o,
Restaurant Choukran,3.9,7.0,"G48R+VP6, Rue de la Femme",Niamey,,NE,,+227 97 23 96 12,Restaurant,https://www.google.com/maps/search/?api=1&query=Restaurant%20Choukran&query_place_id=ChIJsQAU_-R10BERQ-SjAM6HCLU,
CiTY FOOD,3.7,7.0,G48H+RCG,Niamey,,NE,,+227 92 50 00 00,Restauration rapide,https://www.google.com/maps/search/?api=1&query=CiTY%20FOOD&query_place_id=ChIJu86JKm110BERulXazQe4cg0,
Maquis du centre chez madame PAUL,4.0,7.0,"G457+6P4, RN6",Niamey,,NE,,+227 90 06 99 56,Restaurant,https://www.google.com/maps/search/?api=1&query=Maquis%20du%20centre%20chez%20madame%20PAUL&query_place_id=ChIJ3zmj0nR10BERchjFi5dSq_k,
Sandwich Express,4.4,7.0,Avenue Charle de Gaule,Niamey,,NE,,+227 88 45 22 55,Sandwicherie,https://www.google.com/maps/search/?api=1&query=Sandwich%20Express&query_place_id=ChIJo-CrLAB10BERZ5vBnpv4uxs,
FOODY'Z,3.9,7.0,G4H4+7GJ,Niamey,,NE,,+227 88 32 75 74,Restaurant,https://www.google.com/maps/search/?api=1&query=FOODY'Z&query_place_id=ChIJp0Qyjm510BERONzo2M0uSoI,
The private corner,4.4,7.0,Francophonie,Niamey,,NE,,+227 96 96 18 69,Café et restaurant de grillades,https://www.google.com/maps/search/?api=1&query=The%20private%20corner&query_place_id=ChIJn4p0i62f2hERxj1kLogHeAA,
BAR CHARI,3.6,7.0,RUE DE BURKINA FASO,Niamey,,NE,,+227 99 08 02 02,Restaurant,https://www.google.com/maps/search/?api=1&query=BAR%20CHARI&query_place_id=ChIJ2_apMw910BERwbIRGmE2rk8,
Barney's Cock N' Ball Fun Center,3.7,7.0,,Niamey,,NE,,,Restaurant,https://www.google.com/maps/search/?api=1&query=Barney's%20Cock%20N'%20Ball%20Fun%20Center&query_place_id=ChIJ34YpViCf2hERUpCa8HAoKIQ,
Kani Food Chap,4.4,7.0,"H489+H82, Unnamed Road",Niamey,,NE,,+227 80 22 37 47,Restaurant,https://www.google.com/maps/search/?api=1&query=Kani%20Food%20Chap&query_place_id=ChIJCacm2c-f2hER0gmgIgn2eDo,
Ismo,4.9,7.0,H49G+F5,Niamey,,NE,,+227 98 24 84 78,Café,https://www.google.com/maps/search/?api=1&query=Ismo&query_place_id=ChIJm_GMpi6f2hERBleBC7Whdlo,
MDD,3.7,6.0,"G57P+H76, Unnamed Road",Niamey,,NE,,,Restaurant,https://www.google.com/maps/search/?api=1&query=MDD&query_place_id=ChIJp1P1fCQL0BER0PTmp2NTSGQ,
Restaurant RAMZY,4.7,6.0,F3X3+HQ2,,,NE,,+227 96 07 99 96,Restaurant,https://www.google.com/maps/search/?api=1&query=Restaurant%20RAMZY&query_place_id=ChIJe6uwd5B30BERgn0hSQQUFC4,
Chez Doudou,3.8,6.0,F5R7+24,Niamey,,NE,,+227 90 89 07 09,Restaurant,https://www.google.com/maps/search/?api=1&query=Chez%20Doudou&query_place_id=ChIJ47MbGNkL0BERQRFREKo97hQ,
Halal House Restaurant,4.8,6.0,G3J7+RX8,Niamey,,NE,,+227 88 88 86 66,Restaurant,https://www.google.com/maps/search/?api=1&query=Halal%20House%20Restaurant&query_place_id=ChIJsb5qNAB30BER3qfSxpTV4s4,
Centre Culturel et socioéducatif Forge-Arts,4.3,6.0,BP 451,,,NE,,+227 91 35 33 39,Café des arts,https://www.google.com/maps/search/?api=1&query=Centre%20Culturel%20et%20socio%C3%A9ducatif%20Forge-Arts&query_place_id=ChIJb_6nlj510BER2Tfh5171hKo,
Resto Bakso Bandung Barkah du Niger,4.7,6.0,H332+QQQ Koubia,Niamey,,NE,,+227 95 12 64 10,Restaurant indonésien,https://www.google.com/maps/search/?api=1&query=Resto%20Bakso%20Bandung%20Barkah%20du%20Niger&query_place_id=ChIJMbYZgB2d2hERQeC0eALMogI,
ABDI Farm,5.0,6.0,Face école Barkalleyzé,Niamey,,NE,,+227 83 34 44 38,Magasin vendant du poulet,https://www.google.com/maps/search/?api=1&query=ABDI%20Farm&query_place_id=ChIJWZfWxcuf2hEReL9gxzvWZ1w,
Be In Mind,4.5,6.0,G492+MC9 Av. Charles de Gaulle,Niamey,,NE,,+227 96 19 27 06,Restaurant,https://www.google.com/maps/search/?api=1&query=Be%20In%20Mind&query_place_id=ChIJsyFb65af2hERVo3o0F-pBzk,
Yemenite restaurant,4.5,6.0,"G4M3+GQG, Blvd Mali Bero",Niamey,,NE,,,Restaurant,https://www.google.com/maps/search/?api=1&query=Yemenite%20restaurant&query_place_id=ChIJ5w8gPAB10BERcmB9gHqXreE,
MY FAST FOOD,4.2,6.0,"G4PR+55R, Unnamed Road",Niamey,,NE,,+227 90 90 70 08,Restauration rapide,https://www.google.com/maps/search/?api=1&query=MY%20FAST%20FOOD&query_place_id=ChIJr6TtBVOf2hERwPqm0XpUBPg,
RESTAURANT OASIS by CGK,4.6,5.0,CI-47,Niamey,,NE,,+227 74 74 12 12,Restaurant,https://www.google.com/maps/search/?api=1&query=RESTAURANT%20OASIS%20by%20CGK&query_place_id=ChIJoSuDPb510BERlg86QFvHS3s,
Mme Conte Aminatou,4.8,5.0,F4VM+8R2,Niamey,,NE,,+227 96 96 70 17,Restaurant,https://www.google.com/maps/search/?api=1&query=Mme%20Conte%20Aminatou&query_place_id=ChIJjeGQ8UN10BERHrL46RJQXP4,
Vendeuse de frites,4.8,5.0,RN6,Niamey,,NE,,,Restaurant,https://www.google.com/maps/search/?api=1&query=Vendeuse%20de%20frites&query_place_id=ChIJa5DEy1110BERyZ-r4RsVQTk,
Restaurant Le Silmande,4.6,5.0,19601,Niamey,,NE,,+227 99 38 27 27,Restaurant,https://www.google.com/maps/search/?api=1&query=Restaurant%20Le%20Silmande&query_place_id=ChIJo23RcpKf2hERW82iHzfdCBE,
Bingo Restaurant,5.0,5.0,G45C+Q95,Niamey,,NE,https://www.varolsarlu.com/,+227 70 00 37 37,Restaurant,https://www.google.com/maps/search/?api=1&query=Bingo%20Restaurant&query_place_id=ChIJ237fXc110BERrBtt37yyjpY,
Baouch,4.4,5.0,H357+X35,Niamey,,NE,,,Restaurant,https://www.google.com/maps/search/?api=1&query=Baouch&query_place_id=ChIJ0Rsyrgid2hERNa3zmu56604,
Fly Lounge&Grill,4.6,5.0,G4H4+7GR,Niamey,,NE,,+227 88 80 80 80,Restaurant,https://www.google.com/maps/search/?api=1&query=Fly%20Lounge%26Grill&query_place_id=ChIJ8cc-Old10BERPCYDFPg__KA,
Restaurant Du jardin a l'assiete,3.4,5.0,Boulevard Banizoumbou 2,Niamey,,NE,,,Restaurant,https://www.google.com/maps/search/?api=1&query=Restaurant%20Du%20jardin%20a%20l'assiete&query_place_id=ChIJz1XvJ6Cf2hERUFGiuc5D4eM,
Halima Nems,3.2,5.0,"G3QG+8H4, RN1",Niamey,,NE,,+227 90 18 44 43,Restauration rapide,https://www.google.com/maps/search/?api=1&query=Halima%20Nems&query_place_id=ChIJKYtrgACf2hER1n63jC3oC30,
Pizza Kana Niamey 2000,4.8,5.0,,Niamey,,NE,,+227 86 16 86 86,Pizzeria,https://www.google.com/maps/search/?api=1&query=Pizza%20Kana%20Niamey%202000&query_place_id=ChIJeYbhIhUL0BEREV_CWMYpCpk,
Restaurant Hadjia Fanta,4.2,5.0,"G478+FVQ, Kalley-amirou, Niamey",Niamey,,NE,,,Restaurant africain,https://www.google.com/maps/search/?api=1&query=Restaurant%20Hadjia%20Fanta&query_place_id=ChIJF6-cPqN10BERCX0zwIVB2FU,
Déguédrome NE,4.2,5.0,G3FW+HH5,Niamey,,NE,,+227 80 30 78 46,Restaurant,https://www.google.com/maps/search/?api=1&query=D%C3%A9gu%C3%A9drome%20NE&query_place_id=ChIJD-l7o4l10BERkYdDLSrywH0,
O'Takoss Nouveau Marché,5.0,5.0,G46G+J5R,Niamey,,NE,,,Restaurant,https://www.google.com/maps/search/?api=1&query=O'Takoss%20Nouveau%20March%C3%A9&query_place_id=ChIJGRwFZwB10BERGWvihm99KJU,
ALDIOUMA TRAITEUR,4.4,5.0,"G46C+44F, Boulevard de la Liberté",Niamey,,NE,,+227 90 23 17 05,Restaurant,https://www.google.com/maps/search/?api=1&query=ALDIOUMA%20TRAITEUR&query_place_id=ChIJIUvwXrx10BER0yyvqcu2Z2o,
Café d'ozz,4.8,5.0,H486+2H5,Niamey,,NE,,+227 84 85 41 80,Restaurant,https://www.google.com/maps/search/?api=1&query=Caf%C3%A9%20d'ozz&query_place_id=ChIJ8Yozevif2hERjith1vHBmAo,
Dan maïgari boutique,4.3,4.0,,Niamey,,NE,,+227 98 53 32 98,Restauration rapide,https://www.google.com/maps/search/?api=1&query=Dan%20ma%C3%AFgari%20boutique&query_place_id=ChIJL1VBZIML0BERMeA71d6iFHg,
Marhaba Food & Services,5.0,4.0,F3PX+HJM,Niamey,,NE,,+227 96 82 07 91,Restaurant,https://www.google.com/maps/search/?api=1&query=Marhaba%20Food%20%26%20Services&query_place_id=ChIJL_Aoxn910BER7cn3eOaFzAQ,
Camon's food,4.3,4.0,22 790 730 194,Niamey,,NE,,+227 90 73 01 94,Cafétéria,https://www.google.com/maps/search/?api=1&query=Camon's%20food&query_place_id=ChIJ55U6sl510BERfcmTfA2iqZ0,
Restaurant O'CAFE,3.8,4.0,BP672 NIAMEY,Niamey,,NE,,+227 97 02 22 67,Restaurant,https://www.google.com/maps/search/?api=1&query=Restaurant%20O'CAFE&query_place_id=ChIJ2T4zKsl10BERUORJq4ohlf4,
La grâce,5.0,4.0,G43H+2F2,Niamey,,NE,,+227 92 62 52 51,Restauration rapide,https://www.google.com/maps/search/?api=1&query=La%20gr%C3%A2ce&query_place_id=ChIJcZg4LCp10BERchTnTG8KIXk,
Au P'tit Coin,3.0,4.0,,Niamey,,NE,,+227 92 94 15 96,Restaurant servant le petit-déjeuner,https://www.google.com/maps/search/?api=1&query=Au%20P'tit%20Coin&query_place_id=ChIJK1khl3B10BERSjdyp7XAVds,
La cabane,4.8,4.0,H38R+955,Niamey,,NE,,,Restaurant,https://www.google.com/maps/search/?api=1&query=La%20cabane&query_place_id=ChIJF0aUWgCf2hERsm0FJ-KlVmA,
Chez IBRO MAI FRITE,4.5,4.0,"H325+49G, RN1",Niamey,,NE,,,Restaurant,https://www.google.com/maps/search/?api=1&query=Chez%20IBRO%20MAI%20FRITE&query_place_id=ChIJDxBWrHud2hER8TbIm3rZbIA,
Dan gao,3.8,4.0,,Niamey,,NE,,+227 70 30 69 22,Restaurant,https://www.google.com/maps/search/?api=1&query=Dan%20gao&query_place_id=ChIJX5LyMgCh2hERP76LVVu8uyY,
Restaurant Hama karma ??????,4.0,4.0,8 Blvd Mali Bero,Niamey,,NE,,+227 99 27 78 22,Restaurant,https://www.google.com/maps/search/?api=1&query=Restaurant%20Hama%20karma%20%F0%9F%91%91%F0%9F%91%91%F0%9F%91%91&query_place_id=ChIJ4xASJgB92hERMNPML86OAwk,
RESTAURANT AFRO GOURMAND,3.3,4.0,G3MP+M2X,Niamey,,NE,,+227 96 47 67 67,Restaurant,https://www.google.com/maps/search/?api=1&query=RESTAURANT%20AFRO%20GOURMAND&query_place_id=ChIJ2QpYff110BERQnav90_O94g,
Easy Food,3.8,4.0,H36J+4XR Maternité Bobiel sur la grande voie,Niamey,,NE,,+227 91 41 53 08,Restaurant,https://www.google.com/maps/search/?api=1&query=Easy%20Food&query_place_id=ChIJ5T1SLdp10BERLFmqhTQWec0,
Pool Bar Wayno,4.8,4.0,"Bravia Hotel Niamey, Cases Allemandes Quartier",Niamey,,NE,https://braviahotels.com/home-bravia-niamey,+227 88 14 75 72,Café et restaurant de grillades,https://www.google.com/maps/search/?api=1&query=Pool%20Bar%20Wayno&query_place_id=ChIJB84xY0Z10BERj2n_xfM732w,
Restaurant Ivoirien,3.8,4.0,H4C5+782,Niamey,,NE,,,Restaurant,https://www.google.com/maps/search/?api=1&query=Restaurant%20Ivoirien&query_place_id=ChIJ20duYcaf2hERMWjeJWTwU2w,
Indian Tandoori Nights Restaurant Indien,5.0,4.0,Quartier Du Plateau a' l' Avenue Maurice Delens,Niamey,,NE,,+227 92 65 82 45,Restaurant indien,https://www.google.com/maps/search/?api=1&query=Indian%20Tandoori%20Nights%20Restaurant%20Indien&query_place_id=ChIJiRQUsEF10BERQxtb3RpI4nk,
Mederessa Al Abrar,3.0,4.0,H4JG+V6W,,,NE,,+227 99 96 42 97,Restaurant de fruits de mer,https://www.google.com/maps/search/?api=1&query=Mederessa%20Al%20Abrar&query_place_id=ChIJWQZoWtSf2hERKdD1SL3qhd0,
Boukoki Tsmisina 1,2.8,4.0,G4JH+4WQ,Niamey,,NE,,+227 90 79 09 38,Restaurant,https://www.google.com/maps/search/?api=1&query=Boukoki%20Tsmisina%201&query_place_id=ChIJbamNYyZ10BERIh126WoD058,
Nims and Rice,3.5,4.0,G3GX+222,Niamey,,NE,,+227 90 42 45 08,Restaurant,https://www.google.com/maps/search/?api=1&query=Nims%20and%20Rice&query_place_id=ChIJm72JFoV10BERyCH8ciIHf60,
RA'SS,4.5,4.0,,Niamey,,NE,,+227 84 55 08 30,Vente de légumes en gros,https://www.google.com/maps/search/?api=1&query=RA'SS&query_place_id=ChIJLfGb5e6f2hERHkRcEn2XLc0,
Buvette chez Djafarou Médiévales,5.0,3.0,,Niamey,,NE,,+227 88 18 45 56,Restaurant,https://www.google.com/maps/search/?api=1&query=Buvette%20chez%20Djafarou%20M%C3%A9di%C3%A9vales&query_place_id=ChIJ_Y5252EL0BER3C2Z532BOCs,
Restaurant Bani Bani,4.0,3.0,,Niamey,,NE,,,Restaurant,https://www.google.com/maps/search/?api=1&query=Restaurant%20Bani%20Bani&query_place_id=ChIJLb0MgXkL0BER4oL8etqfQww,
Restaurant Les retrouvailles,5.0,3.0,,Niamey,,NE,,+227 97 75 23 24,Restaurant,https://www.google.com/maps/search/?api=1&query=Restaurant%20Les%20retrouvailles&query_place_id=ChIJkzEkP_N10BERNKwg_NkO31w,
Restaurant-Chez l'homme,5.0,3.0,F3MW+CVW,Niamey,,NE,,,Restaurant,https://www.google.com/maps/search/?api=1&query=Restaurant-Chez%20l'homme&query_place_id=ChIJmR4WQxh10BER9WLdD5HP8AM,
bravia,5.0,3.0,G46G+J5R,Niamey,,NE,,,Restaurant,https://www.google.com/maps/search/?api=1&query=bravia&query_place_id=ChIJ3aThhrN10BERQvutMhLr2JM,
Niamey - niger,5.0,3.0,"G46C+3WQ Niger 13.51018° N, 2.12232° E, Avenue du Niger",Niamey,,NE,,+227 92 15 15 98,Restaurant égyptien,https://www.google.com/maps/search/?api=1&query=Niamey%20-%20niger&query_place_id=ChIJc6teMQB10BERta0rmlOEWBs,
MajFood,4.3,3.0,,Niamey,,NE,,+227 88 88 88 63,Restaurant,https://www.google.com/maps/search/?api=1&query=MajFood&query_place_id=ChIJZVvxikl10BER02_u9BArwSs,
Restaurant Salissa,3.3,3.0,F5W2+2J,Niamey,,NE,,+227 98 59 61 54,Restaurant,https://www.google.com/maps/search/?api=1&query=Restaurant%20Salissa&query_place_id=ChIJwU7_58kL0BERoM6K38QiJh4,
Restaurant chez Yakouba de l'université de Ny,4.3,3.0,"G32X+F2Q, Iskoki Road",Niamey,,NE,,,Restaurant familial,https://www.google.com/maps/search/?api=1&query=Restaurant%20chez%20Yakouba%20de%20l'universit%C3%A9%20de%20Ny&query_place_id=ChIJ3w8cIzt10BER4rW4Mxb5iGI,
Restaurant Gosen,3.0,3.0,G447+9GX,Niamey,,NE,,+227 91 59 11 74,Restaurant africain,https://www.google.com/maps/search/?api=1&query=Restaurant%20Gosen&query_place_id=ChIJ50d23Q110BERIM7wa9Hli8M,
La couronne,4.3,3.0,G437+XGQ,Niamey,,NE,,,Restaurant asiatique,https://www.google.com/maps/search/?api=1&query=La%20couronne&query_place_id=ChIJw7mYyI910BER-HyrlSfNfTM,
Restaurant La Diva,4.7,3.0,G3VH+V93,Niamey,,NE,,,Restaurant,https://www.google.com/maps/search/?api=1&query=Restaurant%20La%20Diva&query_place_id=ChIJNcQvFwCf2hERkEqX_0LVbe8,
KING food,5.0,3.0,G3QP+PJ3 Recasement,Niamey,,NE,,,Restaurant,https://www.google.com/maps/search/?api=1&query=KING%20food&query_place_id=ChIJZ2jPbgCf2hERjI-xbWRxz5g,
Restoran Galaxy,5.0,3.0,G4J4+889,Niamey,,NE,,,Restaurant,https://www.google.com/maps/search/?api=1&query=Restoran%20Galaxy&query_place_id=ChIJfSXImzR10BERGbzrPuonzjo,
Afandina restaurant&coffe shop,5.0,3.0,Ctre Culturel Oumarou Ganda? Face commissariat constat,Niamey,,NE,,+227 91 53 39 90,Restaurant de riz,https://www.google.com/maps/search/?api=1&query=Afandina%20restaurant%26coffe%20shop&query_place_id=ChIJr3VBVb510BERVI3aNsohNJY,
Hôtel sahel,3.7,3.0,"G3RQ+G7R, Unnamed Road",Niamey,,NE,,,Restaurant,https://www.google.com/maps/search/?api=1&query=H%C3%B4tel%20sahel&query_place_id=ChIJC7tJZHOf2hERiNmSULxOurQ,
MUBARAK FOOD,4.0,3.0,,BP,,NE,,+227 90 84 94 35,Restaurant halal,https://www.google.com/maps/search/?api=1&query=MUBARAK%20FOOD&query_place_id=ChIJlcQJRhN10BER66UTcOWq2CE,
Restaurant le Buffet,3.7,3.0,G4P2+325,Niamey,,NE,,,Restaurant,https://www.google.com/maps/search/?api=1&query=Restaurant%20le%20Buffet&query_place_id=ChIJs0tLARqf2hER6jaryo5AJNA,
5 Elements of Life,3.7,3.0,"Bravia Hotel Niamey, Cases Allemandes",Niamey,,NE,,+227 88 15 18 18,Café et restaurant de grillades,https://www.google.com/maps/search/?api=1&query=5%20Elements%20of%20Life&query_place_id=ChIJnWSvLtp10BERLeSw8oumyyg,
ALBARKA FOOD,4.0,3.0,G474+VVF Résidence Mall,Niamey,,NE,,+227 90 35 37 07,Restaurant,https://www.google.com/maps/search/?api=1&query=ALBARKA%20FOOD&query_place_id=ChIJbzBQSOJ10BERo8Ve2jqIE88,
Palais des saveurs,5.0,3.0,"G474+2WH, Rue du Musée",Niamey,,NE,,+227 96 38 80 60,Restaurant,https://www.google.com/maps/search/?api=1&query=Palais%20des%20saveurs&query_place_id=ChIJ-R7K8cl10BERPtXvf50YLtw,
Gomni fastfood,5.0,3.0,G4F3+M92,Niamey,,NE,,+227 91 44 54 55,Restaurant,https://www.google.com/maps/search/?api=1&query=Gomni%20fastfood&query_place_id=ChIJB69OPqF10BERI3JoKs0336E,
Les spécialités de TATY,3.0,3.0,"G4M4+PW7, Bd Mali Bero",Niamey,,NE,,+227 89 16 16 22,Restaurant,https://www.google.com/maps/search/?api=1&query=Les%20sp%C3%A9cialit%C3%A9s%20de%20TATY&query_place_id=ChIJ_5JkxCh10BERB3fFqYuFm5k,
Good food,5.0,3.0,G45F+H5P,Niamey,,NE,,,Restaurant,https://www.google.com/maps/search/?api=1&query=Good%20food&query_place_id=ChIJ4VMjZwB10BERakWAhf48wIM,
Djimiz Food,4.0,3.0,H483+HV4,Niamey,,NE,,+227 82 00 20 20,Pizzeria,https://www.google.com/maps/search/?api=1&query=Djimiz%20Food&query_place_id=ChIJ293EVQCf2hERBKmQl9Lw3Qo,
Mechoui soni ali ber,4.3,3.0,"G49G+C6G, Boulevard de l'lndependance",Niamey,,NE,,,Restaurant,https://www.google.com/maps/search/?api=1&query=Mechoui%20soni%20ali%20ber&query_place_id=ChIJp_CLcbd10BERvQHnHJU91ss,
Garba d’Or,5.0,3.0,H472+449,Niamey,,NE,,+227 87 19 01 15,Restaurant,https://www.google.com/maps/search/?api=1&query=Garba%20d%E2%80%99Or&query_place_id=ChIJrcnJaACf2hERL7lVMM7isBM,
Turkish kebab,3.0,3.0,"G3QG+2Q3, RN1",Niamey,,NE,,,Restaurant familial,https://www.google.com/maps/search/?api=1&query=Turkish%20kebab&query_place_id=ChIJvxJvQNCf2hERcFYUD1pg-PU,
Restorant Mamaki Chez La Tantie,3.5,2.0,,Niamey,,NE,,+227 87 15 33 43,Restaurant,https://www.google.com/maps/search/?api=1&query=Restorant%20Mamaki%20Chez%20La%20Tantie&query_place_id=ChIJi8Ti9PYL0BERLmvf3c8tAPs,
Roast and Grills,5.0,2.0,Niamey 2000 à côté de la Station Oriba,,,NE,,,Restaurant de grillades,https://www.google.com/maps/search/?api=1&query=Roast%20and%20Grills&query_place_id=ChIJOVYHBwAL0BERMrppnxNJ9E8,
Les délices de li,3.5,2.0,G57F+J8R,Niamey,,NE,,+227 96 48 53 85,Restaurant africain,https://www.google.com/maps/search/?api=1&query=Les%20d%C3%A9lices%20de%20li&query_place_id=ChIJDTBL9qwL0BER1NHG8P11bIM,
Restaurant damouree indomi,5.0,2.0,F4CR+CCW,Niamey,,NE,,,Restaurant,https://www.google.com/maps/search/?api=1&query=Restaurant%20damouree%20indomi&query_place_id=ChIJa6EpcgB10BER4fezwdM974Q,
Restaurant Fast Food Talladje,4.5,2.0,G523+H64,Niamey,,NE,,+227 89 00 00 30,Restaurant,https://www.google.com/maps/search/?api=1&query=Restaurant%20Fast%20Food%20Talladje&query_place_id=ChIJ6aCvSbEL0BERKl7IHazb-pY,
Restaurant la grâce chez le 228,5.0,2.0,yerikamba.amela@gmail.com,Niamey,,NE,,+227 74 78 87 67,Restaurant,https://www.google.com/maps/search/?api=1&query=Restaurant%20la%20gr%C3%A2ce%20chez%20le%20228&query_place_id=ChIJ678qdIV10BERMJZD2BpdvlY,
Restaurant de Fac de lettres,5.0,2.0,,Niamey,,NE,,+227 91 91 42 60,Restaurant,https://www.google.com/maps/search/?api=1&query=Restaurant%20de%20Fac%20de%20lettres&query_place_id=ChIJEe10nPR10BERqedr9__-13M,
Issoufou boutique,4.0,2.0,G536+G9Q,Niamey,,NE,,,Restauration rapide,https://www.google.com/maps/search/?api=1&query=Issoufou%20boutique&query_place_id=ChIJl2Xzr3ML0BERU8Jb1GdwyAU,
Chez Yasin Big,2.5,2.0,G45R+MH5,Niamey,,NE,,,Restauration rapide,https://www.google.com/maps/search/?api=1&query=Chez%20Yasin%20Big&query_place_id=ChIJeWtDwu510BER9zl1B2B_UJg,
C,2.0,2.0,,al,,NE,,,Restaurant,https://www.google.com/maps/search/?api=1&query=C&query_place_id=ChIJUxpM9loL0BERn0Kit8qWR8M,
Final,1.5,2.0,"G46M+HF6, Unnamed Road",Niamey,,NE,,+227 99 40 87 78,Restaurant,https://www.google.com/maps/search/?api=1&query=Final&query_place_id=ChIJSYJ6I5B10BERfh_QB3SJaHU,
Restaurant UAM,4.5,2.0,G33G+328,Niamey,,NE,,,Restaurant,https://www.google.com/maps/search/?api=1&query=Restaurant%20UAM&query_place_id=ChIJxZF934N10BER57N4EE5cx3I,
Restaurant du Foyer Doka Noma,5.0,2.0,"G32X+FJH, RN6",Niamey,,NE,,,Restaurant,https://www.google.com/maps/search/?api=1&query=Restaurant%20du%20Foyer%20Doka%20Noma&query_place_id=ChIJFUmNI-F10BERdE0XW0XVvM8,
NUSEB Voie Expresse (Nouveau Marché),5.0,2.0,G44G+H3M,Niamey,,NE,,,Magasin vendant du poulet,https://www.google.com/maps/search/?api=1&query=NUSEB%20Voie%20Expresse%20(Nouveau%20March%C3%A9)&query_place_id=ChIJu-3n1Rd10BERiLZN0oKuD8o,
Best Boudin and Tsiré chez Maazou,4.5,2.0,G459+RQW,Niamey,,NE,,+227 96 14 23 37,Restaurant servant des grillades de mouton,https://www.google.com/maps/search/?api=1&query=Best%20Boudin%20and%20Tsir%C3%A9%20chez%20Maazou&query_place_id=ChIJtUXEGgB10BERQQOnBgfZ-6Q,
Établissement soumana souley alfari,4.5,2.0,96133766,Niamey,,NE,,,Cafétéria,https://www.google.com/maps/search/?api=1&query=%C3%89tablissement%20soumana%20souley%20alfari&query_place_id=ChIJJeJwPWR10BERxze02h-zIGc,
Restaurant Zi Galactic,3.0,2.0,"G33Q+62W, Unnamed Road",Niamey,,NE,,,Restaurant,https://www.google.com/maps/search/?api=1&query=Restaurant%20Zi%20Galactic&query_place_id=ChIJF--uqiF10BERKP9WYEnbg0M,
Restaurant Chez Clarisse,2.5,2.0,G46G+J5R,Niamey,,NE,,+227 91 95 62 90,Restaurant africain,https://www.google.com/maps/search/?api=1&query=Restaurant%20Chez%20Clarisse&query_place_id=ChIJTRWpUdKf2hERZUcSuzVBOXc,
Restaurant bar Akwaba,5.0,2.0,Bp 213,Niamey,,NE,,+227 91 61 45 26,Restaurant,https://www.google.com/maps/search/?api=1&query=Restaurant%20bar%20Akwaba&query_place_id=ChIJFZ_N13p10BER4NqQOw6aVeU,
RESTAURANT LA CORNICHE,5.0,2.0,G39J+XPM,Niamey,,NE,,+227 96 78 04 73,Restaurant,https://www.google.com/maps/search/?api=1&query=RESTAURANT%20LA%20CORNICHE&query_place_id=ChIJqVdpNEx10BERauKrH-Pi3As,
Service Traiteur Hombory Horizon,5.0,2.0,22 796 749 398,Niamey,,NE,,+227 96 74 93 98,Restaurant,https://www.google.com/maps/search/?api=1&query=Service%20Traiteur%20Hombory%20Horizon&query_place_id=ChIJr8DvQWWf2hERY-5HfP-mACw,
RESTAURANT La Cour des Grands,4.0,2.0,,Niamey,,NE,,+227 89 10 93 36,Restaurant,https://www.google.com/maps/search/?api=1&query=RESTAURANT%20La%20Cour%20des%20Grands&query_place_id=ChIJU14DMQCf2hER73iIkW82P_8,
Miamm Foods chez Aminata,4.5,2.0,BP 2288,Niamey,,NE,,+227 90 78 67 67,Restaurant halal,https://www.google.com/maps/search/?api=1&query=Miamm%20Foods%20chez%20Aminata&query_place_id=ChIJb35NHvSf2hERwOfQdZVKzIk,
Mousty'S Food,5.0,2.0,"G3PQ+C3V, Blvd Mali Bero",Niamey,,NE,,+227 82 44 58 81,Restaurant africain,https://www.google.com/maps/search/?api=1&query=Mousty'S%20Food&query_place_id=ChIJRdv8eQCf2hERaiT9zXpkN0E,
MENU DIETE,5.0,2.0,H327+4PG,Niamey,,NE,,+227 93 28 79 30,Restaurant diététique,https://www.google.com/maps/search/?api=1&query=MENU%20DIETE&query_place_id=ChIJR9p-i1qd2hERhqJfAd3kp5k,
Café Restaurant Signature,4.5,2.0,,Niamey,,NE,,+227 98 77 22 17,Restaurant,https://www.google.com/maps/search/?api=1&query=Caf%C3%A9%20Restaurant%20Signature&query_place_id=ChIJs0URqp-f2hER4FaxrdDCJsY,
restaurant Alfari,3.0,2.0,G3GJ+QXG,Niamey,,NE,,+227 96 76 27 27,Restaurant,https://www.google.com/maps/search/?api=1&query=restaurant%20Alfari&query_place_id=ChIJRw6EqhB10BERkhyoL4lqMyg,
Restaurant Chez AMIR ''Good food and Fast food'',1.0,2.0,G3FQ+WQ8,Niamey,,NE,,,Restaurant,https://www.google.com/maps/search/?api=1&query=Restaurant%20Chez%20AMIR%20''Good%20food%20and%20Fast%20food''&query_place_id=ChIJa8YvUmd10BER5JD73dZ8cpE,
Fast food,4.0,2.0,G3V9+W2,Niamey,,NE,,+227 80 35 18 32,Restauration rapide,https://www.google.com/maps/search/?api=1&query=Fast%20food&query_place_id=ChIJGzGZ1r2f2hERLRYSSYbgo4g,
food burger niamey,3.0,2.0,G3WG+9W2,Niamey,,NE,,,Restaurant,https://www.google.com/maps/search/?api=1&query=food%20burger%20niamey&query_place_id=ChIJ8fa-VcCf2hERgYkkYBlv2oM,
Restaurant Masha Allah,5.0,2.0,,Niamey,,NE,,+227 96 57 12 20,Restaurant,https://www.google.com/maps/search/?api=1&query=Restaurant%20Masha%20Allah&query_place_id=ChIJc5QfvqR10BERVJRMS_DZuew,
M'bolo Restaurant,4.0,2.0,"G3HW+WQR, Av. de Djermakoye",Niamey,,NE,,+227 92 35 35 75,Restaurant,https://www.google.com/maps/search/?api=1&query=M'bolo%20Restaurant&query_place_id=ChIJVT-1WBt10BERg0rMC8dZ5Nk,
Restaurant ABM Moubaraka,3.0,2.0,,22791500743,,NE,,+227 97 68 78 40,Restaurant,https://www.google.com/maps/search/?api=1&query=Restaurant%20ABM%20Moubaraka&query_place_id=ChIJh--97Emh2hERt905KyYJURM,
OUZEROU,1.0,2.0,H49Q+R9H,Niamey,,NE,,,Restaurant japonais,https://www.google.com/maps/search/?api=1&query=OUZEROU&query_place_id=ChIJU6usKQCf2hER5kw3J30EMsY,
Le Sultan,4.5,2.0,,Niamey,,NE,,+227 98 70 49 29,Restauration rapide,https://www.google.com/maps/search/?api=1&query=Le%20Sultan&query_place_id=ChIJf66X_7d10BERA_yuUEEaz4k,
S&N fast-food Restaurant Niamey,4.5,2.0,,Niamey,,NE,https://wa.me/qr/KEVHTQHO272DA1,+227 90 54 02 00,Restaurant,https://www.google.com/maps/search/?api=1&query=S%26N%20fast-food%20Restaurant%20Niamey&query_place_id=ChIJz_p8P7Z10BERodFi_kt0SbA,
Snack Régal Kebab,5.0,2.0,G43J+JQH,Niamey,,NE,,+227 91 15 16 51,Kebab,https://www.google.com/maps/search/?api=1&query=Snack%20R%C3%A9gal%20Kebab&query_place_id=ChIJBcb7FQB10BERqvqZ04c3lqM,
Spécial Sandwich blindé,4.5,2.0,G3CX+7JJ,Niamey,,NE,,+227 93 73 62 49,Restauration rapide,https://www.google.com/maps/search/?api=1&query=Sp%C3%A9cial%20Sandwich%20blind%C3%A9&query_place_id=ChIJYwlWQQB10BERFbyGJWIc52w,
Les Mignardises de Sam,5.0,2.0,,Niamey,,NE,https://www.facebook.com/lesmignardisesdesam,+227 80 39 49 57,Restaurant de type buffet,https://www.google.com/maps/search/?api=1&query=Les%20Mignardises%20de%20Sam&query_place_id=ChIJM1i8mtCf2hERoxrRoWlAKfc,
Food empire by (nwanyi nnewi) nigeria food,5.0,2.0,G48H+H33,Niamey,,NE,,+227 97 32 57 19,Restaurant,https://www.google.com/maps/search/?api=1&query=Food%20empire%20by%20(nwanyi%20nnewi)%20nigeria%20food&query_place_id=ChIJAd4uJpR10BERsjH12Fo2N8A,
Bar Amitié,5.0,2.0,G4Q9+249,Niamey,,NE,,,Restaurant,https://www.google.com/maps/search/?api=1&query=Bar%20Amiti%C3%A9&query_place_id=ChIJ3_SSMaqf2hERlvcPsFlKjQ8,
HELLO FOOD,5.0,2.0,avenue complexe east CCOG,Niamey,,NE,,+227 88 02 00 34,Restaurant,https://www.google.com/maps/search/?api=1&query=HELLO%20FOOD&query_place_id=ChIJDwLKppV10BERr_wUCsIzLME,
Fast food sawki,4.0,2.0,G45H+FW9,Niamey,,NE,,+227 98 12 34 56,Restaurant,https://www.google.com/maps/search/?api=1&query=Fast%20food%20sawki&query_place_id=ChIJ75aW1OF10BERry67umLR0-s,
Kassoum-kassoum Saladerie,1.0,2.0,M. Économique,Niamey,,NE,,+227 89 88 28 00,Saladerie,https://www.google.com/maps/search/?api=1&query=Kassoum-kassoum%20Saladerie&query_place_id=ChIJ7QyfpnR10BERhy27vhg9KIc,
Chez RBS kebi,5.0,2.0,H4GC+Q5V,Niamey,,NE,,+227 97 08 08 10,Restaurant,https://www.google.com/maps/search/?api=1&query=Chez%20RBS%20kebi&query_place_id=ChIJmwyq4AKf2hER0VbXl995z7E,
RELAX FOOD,2.5,2.0,H495+RXG,Niamey,,NE,,+227 80 47 47 55,Restaurant,https://www.google.com/maps/search/?api=1&query=RELAX%20FOOD&query_place_id=ChIJTU_YcACf2hER72WZ6SURKpw,
Poissonneri Halal,1.0,2.0,H4R8+G5R,,,NE,,+227 91 23 14 42,Restaurant,https://www.google.com/maps/search/?api=1&query=Poissonneri%20Halal&query_place_id=ChIJO_NKaryf2hERdaox0QjK32M,
La source,4.5,2.0,G4M3+HG5,Niamey,,NE,,,Restaurant,https://www.google.com/maps/search/?api=1&query=La%20source&query_place_id=ChIJg9Q-y4R10BER1JppBVzauDc,
Izo Food,2.0,2.0,,Niamey,,NE,https://web.facebook.com/IZO-FAST-FOOD-1378075178999453/,+227 96 76 59 39,Restaurant,https://www.google.com/maps/search/?api=1&query=Izo%20Food&query_place_id=ChIJSdD6iOaf2hER_jA_dBPE4hk,
Raissa,5.0,2.0,H4FH+2G7,Niamey,,NE,,+227 80 70 65 29,Café,https://www.google.com/maps/search/?api=1&query=Raissa&query_place_id=ChIJTWePiZCf2hERgdiVIZOPodk,
RESTAURANT ALI,3.0,1.0,G55V+XJ6,Niamey,,NE,,,Restaurant,https://www.google.com/maps/search/?api=1&query=RESTAURANT%20ALI&query_place_id=ChIJ8bdRQwAL0BERz03pfocNjHk,
Buvette jangorzo,3.0,1.0,G56M+584,Niamey,,NE,,,Restaurant,https://www.google.com/maps/search/?api=1&query=Buvette%20jangorzo&query_place_id=ChIJeV4hJAAL0BERx6MFn_mN8GY,
Restaurant de Maimou ''les délices du sahel'',5.0,1.0,,Niamey,,NE,https://sites.google.com/view/lesdelicesdusahel/accueil,+227 80 77 74 25,Restauration rapide,https://www.google.com/maps/search/?api=1&query=Restaurant%20de%20Maimou%20''les%20d%C3%A9lices%20du%20sahel''&query_place_id=ChIJX17aPrIL0BER9QNASh-uYGw,
Restaurant de la FSJP,5.0,1.0,"G32R+W3X, CHU Road",Niamey,,NE,,,Restaurant,https://www.google.com/maps/search/?api=1&query=Restaurant%20de%20la%20FSJP&query_place_id=ChIJx5fW5E910BERXEGYwssqlt4,
Restaurant la légende,5.0,1.0,F4Q4+F82,Niamey,,NE,,+227 97 17 20 00,Restaurant,https://www.google.com/maps/search/?api=1&query=Restaurant%20la%20l%C3%A9gende&query_place_id=ChIJY96SenZ10BER2fc-V4SU_hU,
Restaurant Sougrinoma,5.0,1.0,G463+2F5,Niamey,,NE,,+227 94 88 86 79,Restaurant de grillades,https://www.google.com/maps/search/?api=1&query=Restaurant%20Sougrinoma&query_place_id=ChIJgxBp1gx10BERA7rPx74v2XE,
LeNOMADE restaurant & Café,5.0,1.0,"G484+3WM, Av. de la Mairie",Niamey,,NE,https://www.tiktok.com/@lenomade227?_r=1&_t=ZM-92CEP3jcNI0,+227 80 33 30 30,Restaurant,https://www.google.com/maps/search/?api=1&query=LeNOMADE%20restaurant%20%26%20Caf%C3%A9&query_place_id=ChIJC7fnOgB10BER7lJkDSjxiT8,
Delicia Co.,5.0,1.0,"G46C+47R Non loin du rond-point église, Maisons Économique",Niamey,,NE,,+227 90 75 77 11,Restaurant servant le petit-déjeuner,https://www.google.com/maps/search/?api=1&query=Delicia%20Co.&query_place_id=ChIJX9MOKwB10BERFUjrPj192CU,
Chez raicha manma,5.0,1.0,F4CQ+RQF,Niamey,,NE,,,Restaurant,https://www.google.com/maps/search/?api=1&query=Chez%20raicha%20manma&query_place_id=ChIJU1LHAQB10BERxplhuyzWiNE,
Brochette Ex Place Toumo,5.0,1.0,"G44M+H52, Boulevard de l'Independance",Niamey,,NE,,,Restauration rapide,https://www.google.com/maps/search/?api=1&query=Brochette%20Ex%20Place%20Toumo&query_place_id=ChIJ1Yb-oUV10BERJBghPXZnUJ0,
Restaurant la somet,5.0,1.0,F4CQ+RQF,Niamey,,NE,,+227 97 40 98 28,Restauration rapide,https://www.google.com/maps/search/?api=1&query=Restaurant%20la%20somet&query_place_id=ChIJG7PKqDl10BERb4elrhx_7DU,
Fast Food Chez Souleymane,1.0,1.0,"G44M+F5H, Boulevard de l'Independance",Niamey,,NE,,,Restauration rapide,https://www.google.com/maps/search/?api=1&query=Fast%20Food%20Chez%20Souleymane&query_place_id=ChIJ1X84DMp10BERqr8cSPU7V5Q,
Fast-food,3.0,1.0,G46Q+3GC,Niamey,,NE,,,Restauration rapide,https://www.google.com/maps/search/?api=1&query=Fast-food&query_place_id=ChIJoT5rsbl10BERx9EbV5Ir6cE,
Resto' Chez Ali PP,4.0,1.0,G42P+XQV,Niamey,,NE,,,Restauration rapide,https://www.google.com/maps/search/?api=1&query=Resto'%20Chez%20Ali%20PP&query_place_id=ChIJHTTDEtJ10BERWNz9Iv0MFKE,
Chez Kadidia,5.0,1.0,G46G+J5R,Niamey,,NE,,,Restaurant,https://www.google.com/maps/search/?api=1&query=Chez%20Kadidia&query_place_id=ChIJaeP5DwB10BERW5Gaytm7Uos,
Tchiombiano Odette,5.0,1.0,"pharmacie, Harobanda",Niamey,,NE,,+227 95 37 76 51,Restaurant végétalien,https://www.google.com/maps/search/?api=1&query=Tchiombiano%20Odette&query_place_id=ChIJtc_7VTN10BERmwBu53tny84,
Sandwich blindé,5.0,1.0,G44G+3P7,Niamey,,NE,,,Restaurant servant le petit-déjeuner,https://www.google.com/maps/search/?api=1&query=Sandwich%20blind%C3%A9&query_place_id=ChIJVYfKPAB10BER5_UUAQmm_9c,
Those CEG 11,5.0,1.0,F4Q4+F82,Niamey,,NE,,,Restaurant de viande grillée (yakiniku),https://www.google.com/maps/search/?api=1&query=Those%20CEG%2011&query_place_id=ChIJlcZ-add10BERviZ3CqR3R9g,
Fast-Food Chez Ousmane,5.0,1.0,G45J+H29,Niamey,,NE,,,Restauration rapide,https://www.google.com/maps/search/?api=1&query=Fast-Food%20Chez%20Ousmane&query_place_id=ChIJbbTpgS110BERrRjgmN-jkNE,
Restaurant rubi,2.0,1.0,"G448+P7F, Ave de l'Africa",Niamey,,NE,,+227 96 50 45 37,Restaurant,https://www.google.com/maps/search/?api=1&query=Restaurant%20rubi&query_place_id=ChIJXVJz5S110BERaUTZkyVw6ww,
Kani Food Chap,4.0,1.0,"G46G+J5R, Nord faisceau ,château jumeau",Niamey,,NE,,+227 96 03 22 66,Restaurant,https://www.google.com/maps/search/?api=1&query=Kani%20Food%20Chap&query_place_id=ChIJ3337VUt10BERbYTJ6ztWEAY,
Restaurant Maiga,5.0,1.0,G2RP+54H,Niamey,,NE,,+227 98 28 15 87,Restaurant de grillades,https://www.google.com/maps/search/?api=1&query=Restaurant%20Maiga&query_place_id=ChIJlyKuFgCd2hERTNJQH-NmoMQ,
restaurant,5.0,1.0,G3M9+854,Niamey,,NE,,,Restaurant,https://www.google.com/maps/search/?api=1&query=restaurant&query_place_id=ChIJO-xUKGt10BERfjFFsvi_g-4,
HamZa Food and Juice,4.0,1.0,G46G+J5R centre aéré,Niamey,,NE,,+227 88 48 89 26,Restauration rapide,https://www.google.com/maps/search/?api=1&query=HamZa%20Food%20and%20Juice&query_place_id=ChIJi8j3awB10BERg7ihzr8BPKQ,
Yassine Bassirou,5.0,1.0,G2XP+469,,,NE,,,Restaurant,https://www.google.com/maps/search/?api=1&query=Yassine%20Bassirou&query_place_id=ChIJn6IxSZud2hERyo8qzWGFTQc,
Zoumaro BT,5.0,1.0,G2G4+JVP,Niamey,,NE,,,Restaurant,https://www.google.com/maps/search/?api=1&query=Zoumaro%20BT&query_place_id=ChIJPZzpn0130BERkCKEgchtMhw,
Restaurant hyppopothalamus,5.0,1.0,,Niamey,,NE,,,Restaurant de volaille,https://www.google.com/maps/search/?api=1&query=Restaurant%20hyppopothalamus&query_place_id=ChIJGSotL1J10BERjOyuthl_NfE,
Restaurant & salle de jeu Le cercle,5.0,1.0,H3RR+GF6,Niamey,,NE,,+227 80 74 36 45,Restaurant,https://www.google.com/maps/search/?api=1&query=Restaurant%20%26%20salle%20de%20jeu%20Le%20cercle&query_place_id=ChIJGWNIKQCf2hERktpXyzg5Pmg,
Restaurant mamaki,5.0,1.0,G3FR+MRG,Niamey,,NE,,+227 88 42 97 17,Restaurant,https://www.google.com/maps/search/?api=1&query=Restaurant%20mamaki&query_place_id=ChIJV70mxDB10BERUF3EEGIsMOo,
Nado Établissement,5.0,1.0,,Niamey,,NE,,+227 88 44 01 15,Restaurant,https://www.google.com/maps/search/?api=1&query=Nado%20%C3%89tablissement&query_place_id=ChIJ05DNPMR10BERYUH6aRLkGRg,
Dons des mains,5.0,1.0,G3FV+G9H,Niamey,,NE,,,Restaurant français,https://www.google.com/maps/search/?api=1&query=Dons%20des%20mains&query_place_id=ChIJ1TdgCAB10BERQilCJ9FBj-c,
Juma Restaurant Cuisine Nigérienne et Fast Food,5.0,1.0,,Niamey,,NE,,+227 80 47 46 46,Restauration rapide,https://www.google.com/maps/search/?api=1&query=Juma%20Restaurant%20Cuisine%20Nig%C3%A9rienne%20et%20Fast%20Food&query_place_id=ChIJZzD002V10BERs9LSxRRT_Ac,
Maison Grill,5.0,1.0,G3FR+WRM en face de la clinique d'Iran,Niamey,,NE,,+227 87 72 22 22,Restaurant,https://www.google.com/maps/search/?api=1&query=Maison%20Grill&query_place_id=ChIJxaVPHgB10BER5wYUVRcFJkE,
Les Gourmandises de Maman Nathan,5.0,1.0,Bandjo,Niamey,,NE,,+227 90 12 00 07,Restaurant,https://www.google.com/maps/search/?api=1&query=Les%20Gourmandises%20de%20Maman%20Nathan&query_place_id=ChIJ-emOXJ-d2hERP266HMsYLq4,
La Casa,5.0,1.0,"G3R9+2J7, Boulevard Askia Mohamed",Niamey,,NE,,,Restaurant africain,https://www.google.com/maps/search/?api=1&query=La%20Casa&query_place_id=ChIJ7VCwLwCf2hERQJpH8Qf_uz4,
Daouda Mohamed,5.0,1.0,G5FM+P2Q,,,NE,,,Pizzeria,https://www.google.com/maps/search/?api=1&query=Daouda%20Mohamed&query_place_id=ChIJsVRoSF8L0BERpqvvIWKa0jg,
Frites Et Brochettes,3.0,1.0,G5HG+4Q5,,,NE,,,Restaurant,https://www.google.com/maps/search/?api=1&query=Frites%20Et%20Brochettes&query_place_id=ChIJU83fzZIL0BERu0rT4l6roUE,
Dadin kowa,5.0,1.0,H338+WWF,Niamey,,NE,,,Restaurant de type buffet,https://www.google.com/maps/search/?api=1&query=Dadin%20kowa&query_place_id=ChIJX_6W7Aqf2hERe-vKQUDu3yQ,
G8,5.0,1.0,1220 RN1,Niamey,,NE,,+227 91 63 27 27,Restaurant,https://www.google.com/maps/search/?api=1&query=G8&query_place_id=ChIJ_z-eGlR10BERYYOqHOlE-wk,
Aguissa Food And Services,4.0,1.0,H35J+GCV almoustaphaaguissa1@gmail.com,Niamey,,NE,,+227 80 82 03 57,Restaurant,https://www.google.com/maps/search/?api=1&query=Aguissa%20Food%20And%20Services&query_place_id=ChIJeSzrlcSf2hER2l9JdXorxiw,
Restaurant Chez Fanta,3.0,1.0,G3MJ+GG9 garage dans,foulani,,NE,,+227 90 67 01 31,Restaurant,https://www.google.com/maps/search/?api=1&query=Restaurant%20Chez%20Fanta&query_place_id=ChIJjQzbv_p10BERxVmP4zZGVQE,
Entreprise Sahel-Vert,5.0,1.0,G3PG+7XH,Niamey,,NE,,+227 90 93 25 51,Restauration rapide,https://www.google.com/maps/search/?api=1&query=Entreprise%20Sahel-Vert&query_place_id=ChIJtV-rzsZ10BERMlAaKtQ8ly0,
Bienvenue sous les manguiers,4.0,1.0,G3PJ+6PF,Niamey,,NE,,,Restaurant de grillades,https://www.google.com/maps/search/?api=1&query=Bienvenue%20sous%20les%20manguiers&query_place_id=ChIJP-BTEgCf2hERXcBZiv2JdRA,
Restaurant Kaza,3.0,1.0,"Koira-kano rue 82, Avenu des Ambassades",Niamey,,NE,,+227 87 54 53 02,Restaurant,https://www.google.com/maps/search/?api=1&query=Restaurant%20Kaza&query_place_id=ChIJiZLM4_2f2hERNBHPHDtePsg,
Tapis Rouge,2.0,1.0,H32G+8W8,Niamey,,NE,,,Restaurant,https://www.google.com/maps/search/?api=1&query=Tapis%20Rouge&query_place_id=ChIJBbek2haf2hER8SiaZzi8UL8,
Koira Kano,3.0,1.0,G3P9+RXP,Niamey,,NE,,+227 85 33 90 39,Restaurant,https://www.google.com/maps/search/?api=1&query=Koira%20Kano&query_place_id=ChIJC1-kXg6f2hERtVN1aDGg0xc,
MAK,5.0,1.0,H488+HJF château tawaye,Niamey,,NE,,+227 96 96 59 21,Restaurant de spécialités de la région de Rome,https://www.google.com/maps/search/?api=1&query=MAK&query_place_id=ChIJN_65qv-f2hERAKxXQqJd07E,
AFRIKANA,5.0,1.0,G4FQ+J9J,Niamey,,NE,,,Restaurant,https://www.google.com/maps/search/?api=1&query=AFRIKANA&query_place_id=ChIJAzeyJQB10BER4iJZSjlVXU0,
Julien restau,4.0,1.0,,82717313,,NE,,,Restauration rapide,https://www.google.com/maps/search/?api=1&query=Julien%20restau&query_place_id=ChIJ805fvIp10BERiiLMndwy2Ls,
Doukounou Zone,5.0,1.0,G49V+H34,Niamey,,NE,,,Restauration rapide,https://www.google.com/maps/search/?api=1&query=Doukounou%20Zone&query_place_id=ChIJla1zZ7p10BER3W05RxW2VLc,
The Goût Unique Annexe,3.0,1.0,H33H+9MQ,Niamey,,NE,,,Restauration rapide,https://www.google.com/maps/search/?api=1&query=The%20Go%C3%BBt%20Unique%20Annexe&query_place_id=ChIJI7V6RwCf2hERhHnk0jzeNd4,
FastFood,3.0,1.0,H35P+HVC,Niamey,,NE,,+227 90 08 28 93,Restaurant,https://www.google.com/maps/search/?api=1&query=FastFood&query_place_id=ChIJNZFU73qf2hER56ou9N0vrKc,
Ray-food,1.0,1.0,,Niamey,,NE,,+227 90 24 10 54,Restaurant,https://www.google.com/maps/search/?api=1&query=Ray-food&query_place_id=ChIJU0NP12Sf2hERXS3O6h1RASg,
Restaurant salima gendermerie yantala,1.0,1.0,G3WW+J98,Niamey,,NE,,+227 77 77 12 12,Restaurant,https://www.google.com/maps/search/?api=1&query=Restaurant%20salima%20gendermerie%20yantala&query_place_id=ChIJz4s5MQCf2hERvxBRdXFs1Ps,
Resto Saraw,5.0,1.0,Quartier Couron Nord à 50 mètres du rond-point Mairie garage BP 11623,Niamey,,NE,,,Restauration rapide,https://www.google.com/maps/search/?api=1&query=Resto%20Saraw&query_place_id=ChIJTSqRms2f2hEReyHEFMjO3Fo,
RESTAURANT LE PLATEAU DORÉ,1.0,1.0,G48M+H86 kalley EST,Niamey,,NE,,+227 92 75 87 82,Restaurant,https://www.google.com/maps/search/?api=1&query=RESTAURANT%20LE%20PLATEAU%20DOR%C3%89&query_place_id=ChIJd8Aict110BER-KfdY071zdg,
Méchoui VIP,5.0,1.0,G4J5+42G,Niamey,,NE,https://www.facebook.com/profile.php?id=100064946055894&mibextid=ZbWKwL,+227 90 52 84 84,Restauration rapide,https://www.google.com/maps/search/?api=1&query=M%C3%A9choui%20VIP&query_place_id=ChIJtYrjaAB10BER88HrLdal9F0,
NUSEB (Direction Wadata),5.0,1.0,"G47R+3PW, RN25",Niamey,,NE,,,Magasin vendant du poulet,https://www.google.com/maps/search/?api=1&query=NUSEB%20(Direction%20Wadata)&query_place_id=ChIJ12BB9bd10BERlSGmQIjDa_w,
Halal restaurant Fast food,5.0,1.0,G47P+CG,Niamey,,NE,,+227 89 39 12 06,Restaurant,https://www.google.com/maps/search/?api=1&query=Halal%20restaurant%20Fast%20food&query_place_id=ChIJMSTtfAB10BERbpm_I7ulyHE,
Drakkar,5.0,1.0,G437+QFR,Niamey,,NE,,,Restaurant,https://www.google.com/maps/search/?api=1&query=Drakkar&query_place_id=ChIJv5mJZw510BER8lM_FBoIHhk,
Palacios river,4.0,1.0,,Niamey,,NE,,+227 76 16 13 13,Restaurant,https://www.google.com/maps/search/?api=1&query=Palacios%20river&query_place_id=ChIJ-3rD-Ul10BER_9BFmLA2z6E,
Rapidos Eat,5.0,1.0,,96699196,,NE,,+227 96 69 91 96,Restaurant,https://www.google.com/maps/search/?api=1&query=Rapidos%20Eat&query_place_id=ChIJ72T8SSp10BER-jMonQegjHE,
Dîné Sofiane,5.0,1.0,G46G+J5R élevage gnalga,Niamey,,NE,,+227 84 80 30 41,Restaurant,https://www.google.com/maps/search/?api=1&query=D%C3%AEn%C3%A9%20Sofiane&query_place_id=ChIJaUbYWeN10BERDxs9-0cCgq8,
Moutari,5.0,1.0,H44C+WFG,Niamey,,NE,,+227 99 90 82 58,Restaurant,https://www.google.com/maps/search/?api=1&query=Moutari&query_place_id=ChIJh6yQgp2f2hERJrLHZlayVjs,
Hassane,5.0,1.0,G4M6+WX5,Niamey,,NE,,+227 98 98 10 30,Restaurant,https://www.google.com/maps/search/?api=1&query=Hassane&query_place_id=ChIJtxyfztp10BERHKFLaYoqt_U,
Boulangerie Patisserie DOMMO,5.0,1.0,G46G+J5F,Niamey,,NE,,+227 92 55 11 12,Restaurant,https://www.google.com/maps/search/?api=1&query=Boulangerie%20Patisserie%20DOMMO&query_place_id=ChIJFU1f8oZ10BERoDaXCuyx1gM,
A I Lil Bachet,4.0,1.0,G48H+MFH,Niamey,,NE,,+227 88 59 19 49,Restaurant,https://www.google.com/maps/search/?api=1&query=A%20I%20Lil%20Bachet&query_place_id=ChIJJyIG45V10BERg17o3rjIvNs,
AU TRES BON COIN,5.0,1.0,H36C+WP7,Niamey,,NE,,+227 90 08 34 93,Restaurant,https://www.google.com/maps/search/?api=1&query=AU%20TRES%20BON%20COIN&query_place_id=ChIJ9a_VewCf2hERMWzlYvu4UMY,
LA CUISINE NIGÉRIENNE,5.0,1.0,H3QW+9RJ,Niamey,,NE,,+227 98 24 56 56,Restaurant,https://www.google.com/maps/search/?api=1&query=LA%20CUISINE%20NIG%C3%89RIENNE&query_place_id=ChIJC2sNXACf2hERk0usnty_x4k,
Butterfly,5.0,1.0,"H493+X3Q, Unnamed Road",Niamey,,NE,,,Restaurant,https://www.google.com/maps/search/?api=1&query=Butterfly&query_place_id=ChIJn1wb442f2hER0pPvyB8dI_s,
Hb one,5.0,1.0,Restaurant Habibou,Niamey,,NE,,+227 70 25 48 38,Restaurant,https://www.google.com/maps/search/?api=1&query=Hb%20one&query_place_id=ChIJ9cMkx8ef2hER43Ie6jI7RoU,
The Loft Coffee & Chill,4.0,1.0,H37V+Q66,Niamey,,NE,,,Restaurant,https://www.google.com/maps/search/?api=1&query=The%20Loft%20Coffee%20%26%20Chill&query_place_id=ChIJ541rO6Of2hERq2DiYjlkJpE,
Ibn hussain food,3.0,1.0,H4Q2+JXJ,Niamey,,NE,,+227 99 13 17 40,Restaurant,https://www.google.com/maps/search/?api=1&query=Ibn%20hussain%20food&query_place_id=ChIJAwR4cwCf2hERhTPpAzdBXYg,
Pyramides,5.0,1.0,G3MW+5W,Niamey,,NE,https://m.facebook.com/groups/498364164725883,+227 92 28 35 29,Restaurant,https://www.google.com/maps/search/?api=1&query=Pyramides&query_place_id=ChIJwSmJ59p10BERiP2zurA1Gmk,
Just4U chez Maman Dioma,4.0,1.0,"G4Q3+346 Union européenne, Niamey près Délégation",Niamey,,NE,,+227 92 89 82 56,Restaurant,https://www.google.com/maps/search/?api=1&query=Just4U%20chez%20Maman%20Dioma&query_place_id=ChIJw_iS_Omf2hERE9_g_ZM7ErA,
Hamza food and juice,5.0,1.0,G3GW+HQW? ??????,Niamey,,NE,,,Restaurant de hamburgers,https://www.google.com/maps/search/?api=1&query=Hamza%20food%20and%20juice&query_place_id=ChIJSaN92il10BERgxHGkiczMYM,
VIP Cafe,3.0,1.0,"G3MW+JCH, Unnamed Road",Niamey,,NE,,+227 90 87 08 01,Restaurant,https://www.google.com/maps/search/?api=1&query=VIP%20Cafe&query_place_id=ChIJV6OxqeV10BERMXHlh007S8M,
O3 chocolat,4.0,1.0,G4R3+49H,Niamey,,NE,,+227 98 62 23 08,Restaurant,https://www.google.com/maps/search/?api=1&query=O3%20chocolat&query_place_id=ChIJhRtgXgCf2hERZD2qKrJ3lek,
Restaurant Saadou Balla,2.0,1.0,H4F8+V2V,Niamey,,NE,,,Café,https://www.google.com/maps/search/?api=1&query=Restaurant%20Saadou%20Balla&query_place_id=ChIJvXub9aCf2hERx2zs43EpEpY,
TERANGA,4.0,1.0,G3PV+79P,Niamey,,NE,,,Restaurant,https://www.google.com/maps/search/?api=1&query=TERANGA&query_place_id=ChIJ8QrTCgCf2hERPEeUtFIPqIs,
Mango Cafe Niamey,5.0,1.0,"G3GR+297, RN1",Niamey,,NE,,,Restaurant,https://www.google.com/maps/search/?api=1&query=Mango%20Cafe%20Niamey&query_place_id=ChIJFbvhESx10BERMX8DiXgmXqc,
JUST’TE POUR TOI,4.0,1.0,,Niamey,,NE,,,Restaurant,https://www.google.com/maps/search/?api=1&query=JUST%E2%80%99TE%20POUR%20TOI&query_place_id=ChIJ7U2UT8x10BERmRo_CAiT43s,
Restauran egyptien,1.0,1.0,H476+V4X,Niamey,,NE,,,Épicerie,https://www.google.com/maps/search/?api=1&query=Restauran%20egyptien&query_place_id=ChIJd8OOTgCf2hERk_l4ef_YzmU,
BOULANGERIE PATISSERIE NIAMEY,4.5,,"G45F+J4Q, RN1",Niamey,,NE,,,Restaurant,,https://www.google.com/maps/search/?api=1&query=BOULANGERIE%20PATISSERIE%2CNIAMEY&query_place_id=ChIJH2cLNkh10BERxlILHNTbGI8
Ida's pan,,,,Zinder,,NE,,+227 88 80 00 09,Restauration rapide,https://www.google.com/maps/search/?api=1&query=Ida's%20pan&query_place_id=ChIJM4JG1HEL0BERjExODCMEJCs,
Chez Seyni,,,"G44M+G39, Boulevard de l'Independance",Niamey,,NE,,,Restaurant servant le petit-déjeuner,https://www.google.com/maps/search/?api=1&query=Chez%20Seyni&query_place_id=ChIJC8eSQ9910BERk4WJ0udDGbI,
imrane tuk,,,F5V3+2FR,Niamey,,NE,,,Restaurant,https://www.google.com/maps/search/?api=1&query=imrane%20tuk&query_place_id=ChIJGSb8464L0BERPQIwdxIgE-k,
Belles saveurs de Marie,,,F4MX+65,Niamey,,NE,,+227 97 77 68 60,Restauration rapide,https://www.google.com/maps/search/?api=1&query=Belles%20saveurs%20de%20Marie&query_place_id=ChIJExzyNgAL0BERR92DVNHf9kM,
Bj,,,Unnamed Road,Niamey,,NE,,,Restaurant,https://www.google.com/maps/search/?api=1&query=Bj&query_place_id=ChIJqY-KFwgL0BERLyWDSwYPHOQ,
Fast Food,,,"G43M+846, Unnamed Road",Niamey,,NE,,,Restaurant servant le petit-déjeuner,https://www.google.com/maps/search/?api=1&query=Fast%20Food&query_place_id=ChIJP3h0T3F10BER1SpfbWb1mQA,
Allzy_Chips,,,,Niamey,,NE,,+227 97 75 46 50,Snack,https://www.google.com/maps/search/?api=1&query=Allzy_Chips&query_place_id=ChIJNTnJKY510BERwcqR2ZL4yXc,
Restaurant AC LAC,,,G32V+JG2,Niamey,,NE,,,Restaurant,https://www.google.com/maps/search/?api=1&query=Restaurant%20AC%20LAC&query_place_id=ChIJvXIJ_jl10BER5FjpYG-9mEo,
MyResto,,,"G447+MPC, Rue du Grand-Hotel",Niamey,,NE,,,Restaurant,https://www.google.com/maps/search/?api=1&query=MyResto&query_place_id=ChIJgfKqCW910BERg53d0FGBKPk,
Mujé-Resto,,,G33M+87J Université Abdou Moumouni de Niamey,Niamey,,NE,,+227 90 30 52 55,Restaurant,https://www.google.com/maps/search/?api=1&query=Muj%C3%A9-Resto&query_place_id=ChIJc6EOp0V10BERzpQzw4D0NZI,
Jason Ngongbo's FooFoo,,,F4W8+XMC,Niamey,,NE,,,Restaurant africain,https://www.google.com/maps/search/?api=1&query=Jason%20Ngongbo's%20FooFoo&query_place_id=ChIJETmPRCR10BEREHcM9_t0dPA,
Mohamed siradjidine mali,,,,Niamey,,NE,,+227 74 26 27 68,Restaurant familial,https://www.google.com/maps/search/?api=1&query=Mohamed%20siradjidine%20mali&query_place_id=ChIJz8vKhNd10BERdzyEwWZWmkI,
Restaurant senagalais ajojo petit marché,,,"G466+W9X, Unnamed Road",Niamey,,NE,,,Restaurant,https://www.google.com/maps/search/?api=1&query=Restaurant%20senagalais%20ajojo%20petit%20march%C3%A9&query_place_id=ChIJaZg_Ws510BERDVFQ1PClbX4,
Fried Chicken Headquarters,,,G455+M3P Office National des Ressources Minieres,Niamey,,NE,,,Restaurant de volaille,https://www.google.com/maps/search/?api=1&query=Fried%20Chicken%20Headquarters&query_place_id=ChIJnyuTP6Z10BEROOBpewWi_hI,
Restaurant Wankoye,,,F2XX+RMR,Niamey,,NE,,,Restauration rapide,https://www.google.com/maps/search/?api=1&query=Restaurant%20Wankoye&query_place_id=ChIJAzQ7Yn930BERGlsw_UpzBgA,
Restaurant Chez RAMA,,,G3P9+RXP,Niamey,,NE,,,Restauration rapide,https://www.google.com/maps/search/?api=1&query=Restaurant%20Chez%20RAMA&query_place_id=ChIJCbyEPDWf2hERX35rTqtndwo,
Restaurant ABM Moubaraka,,,,22775161652,,NE,,+227 91 50 07 43,Restaurant,https://www.google.com/maps/search/?api=1&query=Restaurant%20ABM%20Moubaraka&query_place_id=ChIJXbFTVdV10BERcPn7i_ltneo,
Restaurant Togolais,,,G46G+J5R,Niamey,,NE,,,Restaurant,https://www.google.com/maps/search/?api=1&query=Restaurant%20Togolais&query_place_id=ChIJu-FBEjd10BERT__Mh_YPK8Y,
BOUZAN COMMERCE GÉNÉRAL,,,"dh@gmail.com, Niamey Bouz",Niamey,,NE,,+227 96 40 00 15,Pizzas à emporter,https://www.google.com/maps/search/?api=1&query=BOUZAN%20COMMERCE%20G%C3%89N%C3%89RAL&query_place_id=ChIJA5izEbqd2hERgvIVAKVtYBY,
restaurant yéménite,,,,12345678,,NE,,,Restaurant yéménite,https://www.google.com/maps/search/?api=1&query=restaurant%20y%C3%A9m%C3%A9nite&query_place_id=ChIJpfCcAzd10BERH7QySIAubEc,
Poissonnerie Ivoire,,,"G46G+J5R Diaspora, satome base face nita",Niamey,,NE,,,Restaurant,https://www.google.com/maps/search/?api=1&query=Poissonnerie%20Ivoire&query_place_id=ChIJL7EJfQB10BER_mBk4izttPc,
RESTAURANT GNEBÉ,,,G46G+J5R,Niamey,,NE,,,Restaurant,https://www.google.com/maps/search/?api=1&query=RESTAURANT%20GNEB%C3%89&query_place_id=ChIJlWxnKz510BERyfQwwGmnjgA,
Albarka,,,G46G+J5R,Niamey,,NE,,,Restaurant africain,https://www.google.com/maps/search/?api=1&query=Albarka&query_place_id=ChIJuQmUURZ10BERci_6Nlnpe6A,
Rama restaurant,,,12345,Niamey,,NE,,+227 70 81 18 95,Restauration rapide,https://www.google.com/maps/search/?api=1&query=Rama%20restaurant&query_place_id=ChIJ16TZFqV10BERBOo_CDJZLuA,
La Casbah,,,F4Q4+F82,Niamey,,NE,,,Restaurant africain,https://www.google.com/maps/search/?api=1&query=La%20Casbah&query_place_id=ChIJjb_oFf110BER2pJ0c_10khY,
Residence Diaspora,,,G46G+J5R,Riyad,,NE,,,Café et restaurant de grillades,https://www.google.com/maps/search/?api=1&query=Residence%20Diaspora&query_place_id=ChIJk77hzTJ10BERBVWCXFEciDc,
Restaurant Inna Manga,,,"G466+W99, Unnamed Road",Niamey,,NE,,,Restaurant,https://www.google.com/maps/search/?api=1&query=Restaurant%20Inna%20Manga&query_place_id=ChIJWS0gV3N10BERJqZHqqz_iCk,
Deka Fast Food & Restaurant,,,dekaesperanzaalicialompo@gmail.com Sahelis.software@gmail.com,Niamey,,NE,,+227 94 35 00 11,Restauration rapide,https://www.google.com/maps/search/?api=1&query=Deka%20Fast%20Food%20%26%20Restaurant&query_place_id=ChIJX_rIPZZ10BERZHP61_RXH9c,
Alio Salifou,,,G46G+J5R,Niamey,,NE,,+227 92 43 56 35,Pizzeria,https://www.google.com/maps/search/?api=1&query=Alio%20Salifou&query_place_id=ChIJQ-Z8zgV10BERygR8tAxzizw,
Hors d'oeuvre-Doukounou,,,"G43J+75G, RN25",Niamey,,NE,,,Restauration rapide,https://www.google.com/maps/search/?api=1&query=Hors%20d'oeuvre-Doukounou&query_place_id=ChIJl4cF0DJ10BER965aZvXKtuk,
Diza collection,,,,98701500,,NE,,,Cuisine française moderne,https://www.google.com/maps/search/?api=1&query=Diza%20collection&query_place_id=ChIJvTLGza910BERSFWpk8A0tBg,
restaurant khadi chez idrissa,,,F3RQ+M3,Niamey,,NE,,,Café,https://www.google.com/maps/search/?api=1&query=restaurant%20khadi%20chez%20idrissa&query_place_id=ChIJCXV6Urx10BERwMUE45e8QeY,
Sandwich Dounia,,,G46F+86P,Niamey,,NE,,,Restauration rapide,https://www.google.com/maps/search/?api=1&query=Sandwich%20Dounia&query_place_id=ChIJ6aev8FJ10BERJTQCBY1lha0,
Milles délices saveurs,,,"Koubia keina, cisafinternationals@gmail.com",Koubia keina,,NE,,+227 82 22 05 26,Restaurant,https://www.google.com/maps/search/?api=1&query=Milles%20d%C3%A9lices%20saveurs&query_place_id=ChIJwQTVQIud2hERJrPo6bx6zTA,
MAHIS services,,,,Niamey,,NE,,+227 80 99 25 53,Tiffin center,https://www.google.com/maps/search/?api=1&query=MAHIS%20services&query_place_id=ChIJve7AvWKd2hERApUVkLtYJIY,
Hôtel 20-80,,,,Niamey,,NE,,,,https://www.google.com/maps/search/?api=1&query=H%C3%B4tel%2020-80&query_place_id=ChIJDzMBfVAL0BERNhZqrPViDyQ,
Meilleur Porc au Four Niamey,,,G3J7+8JX,Niamey,,NE,,+227 91 75 75 64,Restaurant de grillades,https://www.google.com/maps/search/?api=1&query=Meilleur%20Porc%20au%20Four%20Niamey&query_place_id=ChIJkxRzgaJ30BERXq3yyv-H0zM,
Les délices de Naisha,,,"non loin de la pharmacie Les jumelles, Centre aéré Derrière la fenifoot",Niamey,,NE,,+227 85 46 76 05,Restauration rapide,https://www.google.com/maps/search/?api=1&query=Les%20d%C3%A9lices%20de%20Naisha&query_place_id=ChIJow2rY2Wf2hERVoGjAMsICMQ,
Tout Naturel,,,G3WJ+7CQ,Niamey,,NE,,,Restaurant,https://www.google.com/maps/search/?api=1&query=Tout%20Naturel&query_place_id=ChIJQXspFwCf2hERPk0A6Em7yro,
Restaurant harey baneh,,,777,Niamey,,NE,,+227 85 79 87 85,Sandwicherie,https://www.google.com/maps/search/?api=1&query=Restaurant%20harey%20baneh&query_place_id=ChIJWZBJSgef2hERFVCnooBHWQc,
Albek Food,,,G49M+W97,Niamey,,NE,,,Pizzeria,https://www.google.com/maps/search/?api=1&query=Albek%20Food&query_place_id=ChIJWZSDDgB10BER1LqtqwP5LJw,
Restaurant chez Françoise,,,G4HX+JQ2,Niamey,,NE,,,Restaurant,https://www.google.com/maps/search/?api=1&query=Restaurant%20chez%20Fran%C3%A7oise&query_place_id=ChIJcTzKJQAL0BERqMlj3Fn8RVQ,
French Tacos 2,,,"H37P+HXQ Face Pharmacie Centre aéré BCEAO, Boulevard Tanimoune",Niamey,,NE,,+227 90 86 54 86,Restauration rapide,https://www.google.com/maps/search/?api=1&query=French%20Tacos%202&query_place_id=ChIJL9g1WwCf2hERIL92MjoBQBw,
Caramel+ resto & café,,,H32G+QQC,Niamey,,NE,,,Restaurant,https://www.google.com/maps/search/?api=1&query=Caramel%2B%20resto%20%26%20caf%C3%A9&query_place_id=ChIJEamqbgCf2hERj4nbtAsP0LI,
AFRICA FOOD,,,G3VQ+QHX,Niamey,,NE,,,Restaurant,https://www.google.com/maps/search/?api=1&query=AFRICA%20FOOD&query_place_id=ChIJoZ7fegCf2hERnnyNiciK2Dw,
Restaurent koirey,,,"G3FH+RV2, Av. de la Jeunesse",Niamey,,NE,,,Restaurant,https://www.google.com/maps/search/?api=1&query=Restaurent%20koirey&query_place_id=ChIJzyk1oJF10BEREWsZ-Dj5TnQ,
Pause café,,,G3GR+47J,Niamey,,NE,,,Restaurant,https://www.google.com/maps/search/?api=1&query=Pause%20caf%C3%A9&query_place_id=ChIJuaPpCg910BERE_JXHlDt0r0,
Street Food Doukounou,,,H325+Q44 Koubia,Niamey,,NE,,+227 89 01 98 27,Restaurant de spécialités d'Afrique de l'Ouest,https://www.google.com/maps/search/?api=1&query=Street%20Food%20Doukounou&query_place_id=ChIJPcAbSQCd2hERxAu_1RVYvXg,
The Gill house,,,Château 8,Niamey,,NE,,+227 88 23 40 14,Restaurant,https://www.google.com/maps/search/?api=1&query=The%20Gill%20house&query_place_id=ChIJXXEdbT510BERitKsjHv3sZw,
Mariage Fayçal et Zeinabou,,,G3X9+34V,Niamey,,NE,,,Restaurant,https://www.google.com/maps/search/?api=1&query=Mariage%20Fay%C3%A7al%20et%20Zeinabou&query_place_id=ChIJiZKLfwCf2hER22coYEljm7E,
Cesar foodies,,,,Niamey,,NE,,+227 89 89 11 12,Restaurant,https://www.google.com/maps/search/?api=1&query=Cesar%20foodies&query_place_id=ChIJY7JN9Pmf2hERYsKuYIjvI_k,
Sani mai poulet,,,G3W7+QP5,Niamey,,NE,,,Restaurant,https://www.google.com/maps/search/?api=1&query=Sani%20mai%20poulet&query_place_id=ChIJ5Z_3BACd2hERFljatkdxeys,
Restaurant bonne appétit,,,G3PX+J5X,Niamey,,NE,,,Restaurant familial,https://www.google.com/maps/search/?api=1&query=Restaurant%20bonne%20app%C3%A9tit&query_place_id=ChIJC59XHgCf2hERsTLpEnCOXvM,
Pizza Kana Banizoumbou 2,,,G4XP+86X,Niamey,,NE,,+227 86 16 86 86,Restaurant,https://www.google.com/maps/search/?api=1&query=Pizza%20Kana%20Banizoumbou%202&query_place_id=ChIJWc6XEgCf2hERWYIpGjRAsyU,
Bon igname pilé,,,"G4CQ+CGH, Rue de la Femme",Niamey,,NE,,,Restaurant africain,https://www.google.com/maps/search/?api=1&query=Bon%20igname%20pil%C3%A9&query_place_id=ChIJH8sGJEJ10BERA-TVa8aPNXY,
Haske Ga Dawa,,,H38G+QJG,Niamey,,NE,,+227 88 08 03 34,Restaurant,https://www.google.com/maps/search/?api=1&query=Haske%20Ga%20Dawa&query_place_id=ChIJ3aZEGwCf2hEROBPttSM7nbA,
Banana In Catering Service,,,,Niamey,,NE,,+227 70 70 51 51,Restaurant africain,https://www.google.com/maps/search/?api=1&query=Banana%20In%20Catering%20Service&query_place_id=ChIJHa1TJbef2hERzqw6lDIuTFc,
Gilbert,,,G3VH+V93,Niamey,,NE,,,Restaurant,https://www.google.com/maps/search/?api=1&query=Gilbert&query_place_id=ChIJ398TC5Kf2hERAmupkXwkhsw,
Restaurant chez wayssou,,,G3XP+8M6,Niamey,,NE,,,Restauration rapide,https://www.google.com/maps/search/?api=1&query=Restaurant%20chez%20wayssou&query_place_id=ChIJh3h9Bcif2hER0jQI5guvBiU,
Restaurant SOP NABI,,,G3VP+JMH,Niamey,,NE,,+227 92 03 41 47,Restauration rapide,https://www.google.com/maps/search/?api=1&query=Restaurant%20SOP%20NABI&query_place_id=ChIJB6VQ6e2f2hERpIF8RLzFkR4,
Restaurant bon Régal chez Reine,,,89 18 48 17,Niamey,,NE,,,Restaurant,https://www.google.com/maps/search/?api=1&query=Restaurant%20bon%20R%C3%A9gal%20chez%20Reine&query_place_id=ChIJFwI06jOd2hERWPf93oiQOWs,
Restaurant chez Awa,,,G3XW+8PH,Niamey,,NE,,+227 90 12 77 75,Restaurant,https://www.google.com/maps/search/?api=1&query=Restaurant%20chez%20Awa&query_place_id=ChIJD0_7uLOf2hERrz-SxzA2ixo,
Les Saveurs de la côte,,,H495+474,Niamey,,NE,,+227 70 42 32 33,Restaurant africain,https://www.google.com/maps/search/?api=1&query=Les%20Saveurs%20de%20la%20c%C3%B4te&query_place_id=ChIJ2-7l59Of2hERoeoZrtsYh9M,
Tima food,,,Bobiel,Niamey,,NE,,+227 91 88 88 88,Restaurant halal,https://www.google.com/maps/search/?api=1&query=Tima%20food&query_place_id=ChIJPUJaZj2f2hERI8Pcrj5cqAk,
Restaurant Niamey à Midi,,,G3MX+WG4,Niamey,,NE,,,Restaurant,https://www.google.com/maps/search/?api=1&query=Restaurant%20Niamey%20%C3%A0%20Midi&query_place_id=ChIJi5M72lh10BER2m6XjoJx4ds,
Restaurant gourmand,,,G3JV+6VR,Niamey,,NE,,+227 95 88 43 19,Restaurant,https://www.google.com/maps/search/?api=1&query=Restaurant%20gourmand&query_place_id=ChIJ1d113bN10BERSf7qF_XGaf4,
Itadakimass,,,Francophonie petite porte,Niamey,,NE,,+227 76 99 10 13,Restaurant de plats à emporter,https://www.google.com/maps/search/?api=1&query=Itadakimass&query_place_id=ChIJzYlNmsuf2hERre0iy52L4Wg,
Mareshall Food,,,"G3PV+MWX, Unnamed Road",Niamey,,NE,,+227 90 16 39 72,Restaurant servant le petit-déjeuner,https://www.google.com/maps/search/?api=1&query=Mareshall%20Food&query_place_id=ChIJOb7BHMif2hERulDvAsgZalU,
Restaurant Harey Bane,,,H446+7VG,Niamey,,NE,,,Restaurant,https://www.google.com/maps/search/?api=1&query=Restaurant%20Harey%20Bane&query_place_id=ChIJU-xkMACf2hERxcvyTfbWNKQ,
Nomade Food,,,"G4F3+3Q4, Av. du Président Kalt Casten",Niamey,,NE,,,Restaurant africain,https://www.google.com/maps/search/?api=1&query=Nomade%20Food&query_place_id=ChIJCRQDDwB10BERSmFjSMnJcRE,
IMAYEL FOODS et EPICES,,,"Niamey bobiel, Bp 8001",Niamey,,NE,,,Restaurant africain,https://www.google.com/maps/search/?api=1&query=IMAYEL%20FOODS%20et%20EPICES&query_place_id=ChIJ5YBRCM6f2hER4oruRiqGsM0,
Atassi,,,"G49F+V83, Boulevard de l'lndependance",Niamey,,NE,,,Restauration rapide,https://www.google.com/maps/search/?api=1&query=Atassi&query_place_id=ChIJb8KTbQB10BERL1iUHZ-8x60,
Kanemgrill,,,227,Niamey,,NE,,+227 97 74 31 01,Restaurant,https://www.google.com/maps/search/?api=1&query=Kanemgrill&query_place_id=ChIJhTpKjP910BERC_TNjYcAB68,
O'Petit Gourmand,,,206,Niamey,,NE,,+227 76 24 67 00,Restaurant,https://www.google.com/maps/search/?api=1&query=O'Petit%20Gourmand&query_place_id=ChIJKU0sZjl10BERM3XxngbBZbY,
Assanie,,,G39W+XV2,Niamey,,NE,,+227 89 89 89 67,Restaurant,https://www.google.com/maps/search/?api=1&query=Assanie&query_place_id=ChIJN7YWZwB10BERXkE3bVIDAak,
Yasmin amadou,,,"Terminus, NB 83 Street",Niamey,,NE,,,Restaurant,https://www.google.com/maps/search/?api=1&query=Yasmin%20amadou&query_place_id=ChIJOcFQdAB10BERz2C57gYAzpg,
Bakary's empire,,,,Niamey,,NE,,+227 98 96 49 51,Restaurant,https://www.google.com/maps/search/?api=1&query=Bakary's%20empire&query_place_id=ChIJM8UQN1V10BER4XOvDyLmqCo,
Ali cise moov,,,F4Q4+F82,Niamey,,NE,,,Restaurant,https://www.google.com/maps/search/?api=1&query=Ali%20cise%20moov&query_place_id=ChIJ_82BDAB10BERh2sgpzkpnW4,
Arzika Food,,,,Niamey,,NE,,+227 99 59 07 40,Restaurant,https://www.google.com/maps/search/?api=1&query=Arzika%20Food&query_place_id=ChIJcx_O6DJ10BERhZ_id952SRA,
Irrazer,,,G3CX+C2P,Niamey,,NE,,,Restaurant,https://www.google.com/maps/search/?api=1&query=Irrazer&query_place_id=ChIJcTPxIf510BERA9ani9V7C-0,
Restaurant sénégalais,,,G38X+H8P,Niamey,,NE,,,Restaurant,https://www.google.com/maps/search/?api=1&query=Restaurant%20s%C3%A9n%C3%A9galais&query_place_id=ChIJr65ZX1F10BERZXfzYgy59XY,
Atieké rond-point Maorey,,,G487+F5W,Niamey,,NE,,,Restaurant,https://www.google.com/maps/search/?api=1&query=Atiek%C3%A9%20rond-point%20Maorey&query_place_id=ChIJh9ezZwB10BERpoBMB5mtC2U,
Bananta,,,"G447+CXX, Rue du terminus",Niamey,,NE,,,Restaurant,https://www.google.com/maps/search/?api=1&query=Bananta&query_place_id=ChIJSbT0YQB10BERtw2igQ0uvGc,
Ets D.S,,,G4F3+VM4,Niamey,,NE,,+227 94 10 06 42,Restauration rapide,https://www.google.com/maps/search/?api=1&query=Ets%20D.S&query_place_id=ChIJX4UfwoJ10BERTMQqwCXHF6M,
Omar fast-food,,,H446+WJG,Niamey,,NE,,,Restauration rapide,https://www.google.com/maps/search/?api=1&query=Omar%20fast-food&query_place_id=ChIJB7QyJgCf2hERQabITo_khWk,
Bacirou marché harobanda,,,F3VW+3F4,Niamey,,NE,,,Magasin vendant du poulet,https://www.google.com/maps/search/?api=1&query=Bacirou%20march%C3%A9%20harobanda&query_place_id=ChIJMdV2wn110BERnNVlJPqbyGo,
La Nigérienne,,,12071,Niamey,,NE,,+227 90 26 26 26,Restaurant,https://www.google.com/maps/search/?api=1&query=La%20Nig%C3%A9rienne&query_place_id=ChIJmenPdPB10BERmM_e-avrbu4,
MaQuis Belle etoile,,,G4WF+R95,Niamey,,NE,,,Restaurant,https://www.google.com/maps/search/?api=1&query=MaQuis%20Belle%20etoile&query_place_id=ChIJF9LOBQCf2hERydhfPa6JOIA,
Boutique Maïgarizé Maïgari Kaïné,,,H428+CHW,Niamey,,NE,,+227 92 31 71 79,Restaurant,https://www.google.com/maps/search/?api=1&query=Boutique%20Ma%C3%AFgariz%C3%A9%20Ma%C3%AFgari%20Ka%C3%AFn%C3%A9&query_place_id=ChIJBWmjP06f2hERdb2i1-KcMSQ,
Kaani Food Express,,,0,Niamey,,NE,,+227 87 77 20 18,Restaurant,https://www.google.com/maps/search/?api=1&query=Kaani%20Food%20Express&query_place_id=ChIJa4d_npuf2hER2AHC42TJsQA,
La Corne,,,,Niamey,,NE,,+227 90 90 49 02,Restaurant,https://www.google.com/maps/search/?api=1&query=La%20Corne&query_place_id=ChIJ12Wmyit10BERs48FpBABk2k,
Marche ran poind,,,G4M9+7JW Kirkosoye fadalombo,Niamey,,NE,,,Restaurant,https://www.google.com/maps/search/?api=1&query=Marche%20ran%20poind&query_place_id=ChIJceefMQB10BERkY9QrsbzPoo,
Mamifood,,,,Niamey,,NE,,+227 93 26 29 61,Restaurant,https://www.google.com/maps/search/?api=1&query=Mamifood&query_place_id=ChIJ_bgmAJJ10BER-Zy-x67rIE0,
Hanlan Niamey,,,Bp: 105,Niamey,,NE,,,Restaurant,https://www.google.com/maps/search/?api=1&query=Hanlan%20Niamey&query_place_id=ChIJm6fyoeh10BERbvC6NirtkNM,
GSH,,,13501,Niamey,,NE,,+227 90 34 04 04,Restaurant,https://www.google.com/maps/search/?api=1&query=GSH&query_place_id=ChIJ65obZDh10BERZWtEnw9zYno,
chez béret oussou,,,G45G+9HP,Niamey,,NE,,,Restaurant,https://www.google.com/maps/search/?api=1&query=chez%20b%C3%A9ret%20oussou&query_place_id=ChIJ21MFR0B10BEROr5ZVsLSyMQ,
Babagana,,,G46G+J5R,Niamey,,NE,,,Restaurant,https://www.google.com/maps/search/?api=1&query=Babagana&query_place_id=ChIJ1SbpGwB10BER95teGCFYGZE,
Mob. Dance,,,G46G+J5F,Niamey,,NE,,,Restaurant,https://www.google.com/maps/search/?api=1&query=Mob.%20Dance&query_place_id=ChIJmyd4luN10BERPNWDIFRQM7c,
Habibou,,,G46G+J5R,Niamey,,NE,,,Restaurant,https://www.google.com/maps/search/?api=1&query=Habibou&query_place_id=ChIJF0dwPAB10BERKgO6uKX23jU,
Alimentation et maquis chez soum,,,G46G+J5R,Niamey,,NE,,,Restaurant,https://www.google.com/maps/search/?api=1&query=Alimentation%20et%20maquis%20chez%20soum&query_place_id=ChIJxbzBWwx10BERY4A1i5aJeRA,
Hamadou Karimou Majid,,,"06 56, Ave de l'Africa, Niamey 98 61",Niamey,,NE,,,Restaurant,https://www.google.com/maps/search/?api=1&query=Hamadou%20Karimou%20Majid&query_place_id=ChIJ60mCrR110BEREMlA2DcNakg,
Eat my house,,,Koubia,Niamey,,NE,,+227 88 61 23 34,Restaurant,https://www.google.com/maps/search/?api=1&query=%D8%A3%D9%83%D9%84%20%D8%A8%D9%8A%D8%AA%D9%8A&query_place_id=ChIJA0k1ZY-d2hERvTZwU-6PiVM,
Les Petits Délices D'Aishé,,,BP 764,Niamey,,NE,,+227 91 38 73 90,Restaurant,https://www.google.com/maps/search/?api=1&query=Les%20Petits%20D%C3%A9lices%20D'Aish%C3%A9&query_place_id=ChIJ6dg3OTB10BERQglh0oGmdno,
Africa Mango,,,G477+66G,Niamey,,NE,,,Restaurant,https://www.google.com/maps/search/?api=1&query=Africa%20Mango&query_place_id=ChIJUY0X8Ql10BER5jz_ID0_blA,
COUPE FAIM RESTO,,,,Niamey,,NE,,+227 96 71 11 70,Restaurant,https://www.google.com/maps/search/?api=1&query=COUPE%20FAIM%20RESTO&query_place_id=ChIJQaPyEQCf2hERlxmBhHkKAA8,
Fast food Bon Appétit,,,H3QQ+5J,Niamey,,NE,,+227 82 16 18 04,Restaurant,https://www.google.com/maps/search/?api=1&query=Fast%20food%20Bon%20App%C3%A9tit&query_place_id=ChIJFwB4XwCf2hERiCyrHLj1JHU,
MaQuis chez Nassirou Assoumana,,,H4J8+9FG,,,NE,,+227 95 99 37 58,Restaurant,https://www.google.com/maps/search/?api=1&query=MaQuis%20chez%20Nassirou%20Assoumana&query_place_id=ChIJy7yEZgCf2hERdA0fZLyKSsc,
Food Square,,,H4C4+CQ5,Niamey,,NE,,,Restaurant,https://www.google.com/maps/search/?api=1&query=Food%20Square&query_place_id=ChIJeXGWUACf2hERzD3O34n4avA,
SÜBWAY FOOD,,,SÜBWAY FOOD,Niamey,,NE,,+227 81 54 56 46,Restaurant,https://www.google.com/maps/search/?api=1&query=S%C3%9CBWAY%20FOOD&query_place_id=ChIJ2_knXHKf2hERP_7CBxwnaEw,
Abdou Rahim,,,"Viña del Mar, Chili, Nigeria 227",,,NE,,,Restaurant,https://www.google.com/maps/search/?api=1&query=Abdou%20Rahim&query_place_id=ChIJJ5JvKgCf2hERxkmnDiA5m1k,
Festi mai watché,,,H4R8+Q3X,,,NE,,,Restaurant,https://www.google.com/maps/search/?api=1&query=Festi%20mai%20watch%C3%A9&query_place_id=ChIJz17RPACf2hERyW7uAGe3xJo,
Sahel Méchoui,,,G3WW+J97,Niamey,,NE,,+227 93 85 73 95,Restaurant,https://www.google.com/maps/search/?api=1&query=Sahel%20M%C3%A9choui&query_place_id=ChIJC7Y7o2ef2hER3yd717qTCP8,
Confijellies et PPM,,,Niamey,Niamey,,NE,,+227 97 31 19 33,Restaurant,https://www.google.com/maps/search/?api=1&query=Confijellies%20et%20PPM&query_place_id=ChIJ66TBTdif2hER_t-YAnpMbP4,
DJOLOF FOOD,,,"201, avenue du Général?De Gaulle",Niamey,,NE,,+227 90 00 13 67,Restaurant,https://www.google.com/maps/search/?api=1&query=DJOLOF%20FOOD&query_place_id=ChIJy4nA0mh10BERD29z96U94zg,
KADFOOD,,,"G3WW+J98, Unnamed Road",Niamey,,NE,,+227 85 76 67 14,Restaurant,https://www.google.com/maps/search/?api=1&query=KADFOOD&query_place_id=ChIJMUctzEWf2hERIDZkEbIG0yQ,
Grevens pizzeria,,,3 Blvd Mali Bero,Niamey,,NE,,,Restaurant,https://www.google.com/maps/search/?api=1&query=Grevens%20pizzeria&query_place_id=ChIJI9QNlt110BERmnIiCYMPS2Q,
Le Baudouin,,,Calao,Niamey,,NE,,+227 92 10 72 92,Restaurant,https://www.google.com/maps/search/?api=1&query=Le%20Baudouin&query_place_id=ChIJqYnP4-510BERKn8-vWmxWAE,
